-- phpMyAdmin SQL Dump
-- version 4.6.6deb5ubuntu0.5
-- https://www.phpmyadmin.net/
--
-- Servidor: localhost:3306
-- Tiempo de generación: 29-12-2021 a las 21:28:34
-- Versión del servidor: 5.7.36-0ubuntu0.18.04.1
-- Versión de PHP: 7.2.24-0ubuntu0.18.04.10

SET SQL_MODE = "NO_AUTO_VALUE_ON_ZERO";
SET time_zone = "+00:00";


/*!40101 SET @OLD_CHARACTER_SET_CLIENT=@@CHARACTER_SET_CLIENT */;
/*!40101 SET @OLD_CHARACTER_SET_RESULTS=@@CHARACTER_SET_RESULTS */;
/*!40101 SET @OLD_COLLATION_CONNECTION=@@COLLATION_CONNECTION */;
/*!40101 SET NAMES utf8mb4 */;

--
-- Base de datos: `asistencia_ddd_nest`
--

-- --------------------------------------------------------

--
-- Estructura de tabla para la tabla `accounts`
--

CREATE TABLE `accounts` (
  `id` bigint(20) UNSIGNED NOT NULL,
  `number` varchar(15) NOT NULL,
  `balance` decimal(10,2) DEFAULT NULL,
  `currency` varchar(3) DEFAULT NULL,
  `customer_id` bigint(20) UNSIGNED NOT NULL,
  `created_at` datetime DEFAULT NULL,
  `created_by` bigint(20) DEFAULT NULL,
  `updated_at` datetime DEFAULT NULL,
  `updated_by` bigint(20) DEFAULT NULL
) ENGINE=InnoDB DEFAULT CHARSET=latin1;

-- --------------------------------------------------------

--
-- Estructura de tabla para la tabla `asistencia`
--

CREATE TABLE `asistencia` (
  `id` int(11) NOT NULL,
  `participanteId` int(11) NOT NULL,
  `eventoId` int(11) NOT NULL
) ENGINE=InnoDB DEFAULT CHARSET=latin1;

--
-- Volcado de datos para la tabla `asistencia`
--

INSERT INTO `asistencia` (`id`, `participanteId`, `eventoId`) VALUES
(1, 1, 1);

-- --------------------------------------------------------

--
-- Estructura de tabla para la tabla `customers`
--

CREATE TABLE `customers` (
  `id` bigint(20) UNSIGNED NOT NULL,
  `type` enum('C','P') NOT NULL DEFAULT 'C',
  `created_at` datetime DEFAULT NULL,
  `created_by` bigint(20) DEFAULT NULL,
  `updated_at` datetime DEFAULT NULL,
  `updated_by` bigint(20) DEFAULT NULL,
  `company_name` varchar(150) DEFAULT NULL,
  `ruc` varchar(11) DEFAULT NULL,
  `first_name` varchar(75) DEFAULT NULL,
  `last_name` varchar(75) DEFAULT NULL,
  `dni` varchar(8) DEFAULT NULL
) ENGINE=InnoDB DEFAULT CHARSET=latin1;

-- --------------------------------------------------------

--
-- Estructura de tabla para la tabla `departments`
--

CREATE TABLE `departments` (
  `id` varchar(2) NOT NULL,
  `name` varchar(45) NOT NULL
) ENGINE=InnoDB DEFAULT CHARSET=latin1;

--
-- Volcado de datos para la tabla `departments`
--

INSERT INTO `departments` (`id`, `name`) VALUES
('01', 'Amazonas'),
('02', 'Áncash'),
('03', 'Apurímac'),
('04', 'Arequipa'),
('05', 'Ayacucho'),
('06', 'Cajamarca'),
('07', 'Callao'),
('08', 'Cusco'),
('09', 'Huancavelica'),
('10', 'Huánuco'),
('11', 'Ica'),
('12', 'Junín'),
('13', 'La Libertad'),
('14', 'Lambayeque'),
('15', 'Lima'),
('16', 'Loreto'),
('17', 'Madre de Dios'),
('18', 'Moquegua'),
('19', 'Pasco'),
('20', 'Piura'),
('21', 'Puno'),
('22', 'San Martín'),
('23', 'Tacna'),
('24', 'Tumbes'),
('25', 'Ucayali');

-- --------------------------------------------------------

--
-- Estructura de tabla para la tabla `districts`
--

CREATE TABLE `districts` (
  `id` varchar(6) NOT NULL,
  `name` varchar(45) NOT NULL,
  `province_id` varchar(4) NOT NULL
) ENGINE=InnoDB DEFAULT CHARSET=latin1;

--
-- Volcado de datos para la tabla `districts`
--

INSERT INTO `districts` (`id`, `name`, `province_id`) VALUES
('030101', 'Abancay', '0301'),
('020502', 'Abelardo Pardo Lezameta', '0205'),
('040302', 'Acarí', '0403'),
('021402', 'Acas', '0214'),
('081002', 'Accha', '0810'),
('051102', 'Accomarca', '0511'),
('210202', 'Achaya', '2102'),
('040502', 'Achoma', '0405'),
('020902', 'Aco', '0209'),
('120202', 'Aco', '1202'),
('021902', 'Acobamba', '0219'),
('090201', 'Acobamba', '0902'),
('120702', 'Acobamba', '1207'),
('090102', 'Acobambilla', '0901'),
('020402', 'Acochaca', '0204'),
('050102', 'Acocro', '0501'),
('120402', 'Acolla', '1204'),
('080201', 'Acomayo', '0802'),
('020602', 'Acopampa', '0206'),
('080202', 'Acopia', '0802'),
('210102', 'Acora', '2101'),
('090103', 'Acoria', '0901'),
('080203', 'Acos', '0802'),
('050103', 'Acos Vinchos', '0501'),
('090702', 'Acostambo', '0907'),
('090703', 'Acraquia', '0907'),
('020302', 'Aczo', '0203'),
('130602', 'Agallpampa', '1306'),
('220302', 'Agua Blanca', '2203'),
('240302', 'Aguas Verdes', '2403'),
('120902', 'Ahuac', '1209'),
('090704', 'Ahuaycha', '0907'),
('020201', 'Aija', '0202'),
('210302', 'Ajoyani', '2103'),
('220902', 'Alberto Leveau', '2209'),
('040802', 'Alca', '0408'),
('051002', 'Alcamenca', '0510'),
('250305', 'Alexander Von Humboldt', '2503'),
('021903', 'Alfonso Ugarte', '0219'),
('151002', 'Alis', '1510'),
('151003', 'Allauca', '1510'),
('220502', 'Alonso de Alvarado', '2205'),
('220202', 'Alto Biavo', '2202'),
('230102', 'Alto de la Alianza', '2301'),
('211209', 'Alto Inambari', '2112'),
('110202', 'Alto Laran', '1102'),
('160102', 'Alto Nanay', '1601'),
('080808', 'Alto Pichigua', '0808'),
('220402', 'Alto Saposoa', '2204'),
('040102', 'Alto Selva Alegre', '0401'),
('160502', 'Alto Tapiche', '1605'),
('210103', 'Amantani', '2101'),
('100102', 'Amarilis', '1001'),
('020603', 'Amashca', '0206'),
('150802', 'Ambar', '1508'),
('100201', 'Ambo', '1002'),
('200502', 'Amotape', '2005'),
('211002', 'Ananea', '2110'),
('211302', 'Anapia', '2113'),
('080302', 'Ancahuasi', '0803'),
('050510', 'Anchihuay', '0505'),
('090302', 'Anchonga', '0903'),
('050502', 'Anco', '0505'),
('090502', 'Anco', '0905'),
('150102', 'Ancón', '1501'),
('030602', 'Anco_Huallo', '0306'),
('061302', 'Andabamba', '0613'),
('090202', 'Andabamba', '0902'),
('040402', 'Andagua', '0404'),
('030201', 'Andahuaylas', '0302'),
('081202', 'Andahuaylillas', '0812'),
('150902', 'Andajes', '1509'),
('120203', 'Andamarca', '1202'),
('030202', 'Andarapa', '0302'),
('040602', 'Andaray', '0406'),
('090720', 'Andaymarca', '0907'),
('160706', 'Andoas', '1607'),
('050116', 'Andrés Avelino Cáceres Dorregaray', '0501'),
('131002', 'Angasmarca', '1310'),
('060402', 'Anguia', '0604'),
('021002', 'Anra', '0210'),
('020604', 'Anta', '0206'),
('080301', 'Anta', '0803'),
('090203', 'Anta', '0902'),
('030301', 'Antabamba', '0303'),
('210802', 'Antauta', '2108'),
('150702', 'Antioquia', '1507'),
('020503', 'Antonio Raymondi', '0205'),
('101104', 'Aparicio Pomares', '1011'),
('120403', 'Apata', '1204'),
('040401', 'Aplao', '0404'),
('051003', 'Apongo', '0510'),
('020504', 'Aquia', '0205'),
('150402', 'Arahuay', '1504'),
('010202', 'Aramango', '0102'),
('100502', 'Arancay', '1005'),
('210203', 'Arapa', '2102'),
('200503', 'Arenal', '2005'),
('040101', 'Arequipa', '0401'),
('090402', 'Arma', '0904'),
('090118', 'Ascensión', '0901'),
('130201', 'Ascope', '1302'),
('150502', 'Asia', '1505'),
('210204', 'Asillo', '2102'),
('051004', 'Asquipata', '0510'),
('010102', 'Asunción', '0101'),
('060102', 'Asunción', '0601'),
('020605', 'Ataquero', '0206'),
('120404', 'Ataura', '1204'),
('150602', 'Atavillos Alto', '1506'),
('150603', 'Atavillos Bajo', '1506'),
('150103', 'Ate', '1501'),
('040303', 'Atico', '0403'),
('040304', 'Atiquipa', '0403'),
('210104', 'Atuncolla', '2101'),
('150604', 'Aucallama', '1506'),
('050602', 'Aucara', '0506'),
('090403', 'Aurahua', '0904'),
('220802', 'Awajun', '2208'),
('200201', 'Ayabaca', '2002'),
('050101', 'Ayacucho', '0501'),
('050402', 'Ayahuanco', '0504'),
('210303', 'Ayapata', '2103'),
('090602', 'Ayavi', '0906'),
('151004', 'Ayaviri', '1510'),
('210801', 'Ayaviri', '2108'),
('050503', 'Ayna', '0505'),
('040403', 'Ayo', '0404'),
('151005', 'Azángaro', '1510'),
('210201', 'Azángaro', '2102'),
('010201', 'Bagua', '0102'),
('010701', 'Bagua Grande', '0107'),
('220203', 'Bajo Biavo', '2202'),
('160202', 'Balsapuerto', '1602'),
('010103', 'Balsas', '0101'),
('060701', 'Bambamarca', '0607'),
('130302', 'Bambamarca', '1303'),
('020903', 'Bambas', '0209'),
('101002', 'Baños', '1010'),
('150201', 'Barranca', '1502'),
('160701', 'Barranca', '1607'),
('150104', 'Barranco', '1501'),
('220503', 'Barranquita', '2205'),
('050902', 'Belén', '0509'),
('160112', 'Belén', '1601'),
('040305', 'Bella Unión', '0403'),
('060802', 'Bellavista', '0608'),
('070102', 'Bellavista', '0701'),
('200602', 'Bellavista', '2006'),
('220201', 'Bellavista', '2202'),
('200802', 'Bellavista de la Unión', '2008'),
('200803', 'Bernal', '2008'),
('061102', 'Bolívar', '0611'),
('130301', 'Bolívar', '1303'),
('021502', 'Bolognesi', '0215'),
('150105', 'Breña', '1501'),
('020802', 'Buena Vista Alta', '0208'),
('200402', 'Buenos Aires', '2004'),
('220702', 'Buenos Aires', '2207'),
('130802', 'Buldibuyo', '1308'),
('021501', 'Cabana', '0215'),
('050603', 'Cabana', '0506'),
('211102', 'Cabana', '2111'),
('040503', 'Cabanaconde', '0405'),
('210702', 'Cabanilla', '2107'),
('211103', 'Cabanillas', '2111'),
('220903', 'Cacatachi', '2209'),
('021802', 'Cáceres del Perú', '0218'),
('060202', 'Cachachi', '0602'),
('131003', 'Cachicadan', '1310'),
('080303', 'Cachimayo', '0803'),
('151006', 'Cacra', '1510'),
('101102', 'Cahuac', '1011'),
('040306', 'Cahuacho', '0403'),
('160702', 'Cahuapanas', '1607'),
('081102', 'Caicay', '0811'),
('230202', 'Cairani', '2302'),
('090204', 'Caja', '0902'),
('060201', 'Cajabamba', '0602'),
('020505', 'Cajacay', '0205'),
('060101', 'Cajamarca', '0601'),
('021403', 'Cajamarquilla', '0214'),
('010702', 'Cajaruro', '0107'),
('150301', 'Cajatambo', '1503'),
('021003', 'Cajay', '0210'),
('130502', 'Calamarca', '1305'),
('230103', 'Calana', '2301'),
('150503', 'Calango', '1505'),
('210703', 'Calapuja', '2107'),
('080401', 'Calca', '0804'),
('150803', 'Caleta de Carquin', '1508'),
('150703', 'Callahuanca', '1507'),
('040504', 'Callalli', '0405'),
('090303', 'Callanmarca', '0903'),
('070101', 'Callao', '0701'),
('060602', 'Callayuc', '0606'),
('250101', 'Calleria', '2501'),
('061103', 'Calquis', '0611'),
('220102', 'Calzada', '2201'),
('040201', 'Camaná', '0402'),
('081203', 'Camanti', '0812'),
('230203', 'Camilaca', '2302'),
('210205', 'Caminaca', '2102'),
('220602', 'Campanilla', '2206'),
('010502', 'Camporredondo', '0105'),
('250102', 'Campoverde', '2501'),
('051005', 'Canaria', '0510'),
('140202', 'Cañaris', '1402'),
('050409', 'Canayre', '0504'),
('100402', 'Canchabamba', '1004'),
('200302', 'Canchaque', '2003'),
('120405', 'Canchayllo', '1204'),
('230201', 'Candarave', '2302'),
('050201', 'Cangallo', '0502'),
('020506', 'Canis', '0205'),
('240203', 'Canoas de Punta Sal', '2402'),
('150401', 'Canta', '1504'),
('210105', 'Capachica', '2101'),
('080702', 'Capacmarca', '0807'),
('030402', 'Capaya', '0304'),
('210502', 'Capazo', '2105'),
('160503', 'Capelo', '1605'),
('090404', 'Capillas', '0904'),
('130503', 'Carabamba', '1305'),
('150106', 'Carabayllo', '1501'),
('211104', 'Caracoto', '2111'),
('150704', 'Carampoma', '1507'),
('151007', 'Carania', '1510'),
('050302', 'Carapo', '0503'),
('040301', 'Caravelí', '0403'),
('030403', 'Caraybamba', '0304'),
('021201', 'Caraz', '0212'),
('120104', 'Carhuacallanga', '1201'),
('120502', 'Carhuamayo', '1205'),
('051103', 'Carhuanca', '0511'),
('021404', 'Carhuapampa', '0214'),
('020601', 'Carhuaz', '0206'),
('050104', 'Carmen Alto', '0501'),
('070103', 'Carmen de la Legua Reynoso', '0701'),
('050604', 'Carmen Salcedo', '0506'),
('180102', 'Carumas', '1801'),
('130208', 'Casa Grande', '1302'),
('021302', 'Casca', '0213'),
('022002', 'Cascapara', '0220'),
('131101', 'Cascas', '1311'),
('021904', 'Cashapampa', '0219'),
('240202', 'Casitas', '2402'),
('020801', 'Casma', '0208'),
('220703', 'Caspisapa', '2207'),
('200104', 'Castilla', '2001'),
('100608', 'Castillo Grande', '1006'),
('090401', 'Castrovirreyna', '0904'),
('021702', 'Catac', '0217'),
('200105', 'Catacaos', '2001'),
('061303', 'Catache', '0613'),
('151008', 'Catahuasi', '1510'),
('061104', 'Catilluc', '0611'),
('150903', 'Caujul', '1509'),
('140116', 'Cayalti', '1401'),
('051006', 'Cayara', '0510'),
('040603', 'Cayarani', '0406'),
('040505', 'Caylloma', '0405'),
('040103', 'Cayma', '0401'),
('100202', 'Cayna', '1002'),
('220504', 'Caynarachi', '2205'),
('081003', 'Ccapi', '0810'),
('081204', 'Ccarhuayo', '0812'),
('081205', 'Ccatca', '0812'),
('090304', 'Ccochaccasa', '0903'),
('080102', 'Ccorca', '0801'),
('060301', 'Celendín', '0603'),
('150504', 'Cerro Azul', '1505'),
('040104', 'Cerro Colorado', '0401'),
('050412', 'Chaca', '0504'),
('101103', 'Chacabamba', '1011'),
('120802', 'Chacapalpa', '1208'),
('120105', 'Chacapampa', '1201'),
('020401', 'Chacas', '0204'),
('190202', 'Chacayan', '1902'),
('020303', 'Chaccho', '0203'),
('010101', 'Chachapoyas', '0101'),
('040404', 'Chachas', '0404'),
('150107', 'Chaclacayo', '1501'),
('030102', 'Chacoche', '0301'),
('060403', 'Chadin', '0604'),
('100802', 'Chaglla', '1008'),
('040307', 'Chala', '0403'),
('200403', 'Chalaco', '2004'),
('060419', 'Chalamarca', '0604'),
('050903', 'Chalcos', '0509'),
('030401', 'Chalhuanca', '0304'),
('081103', 'Challabamba', '0811'),
('030506', 'Challhuahuacho', '0305'),
('080703', 'Chamaca', '0807'),
('120204', 'Chambara', '1202'),
('061002', 'Chancay', '0610'),
('150605', 'Chancay', '1506'),
('061304', 'Chancaybaños', '0613'),
('120301', 'Chanchamayo', '1203'),
('110302', 'Changuillo', '1103'),
('131202', 'Chao', '1312'),
('040308', 'Chaparra', '0403'),
('030404', 'Chapimarca', '0304'),
('040105', 'Characato', '0401'),
('130604', 'Charat', '1306'),
('040803', 'Charcana', '0408'),
('190101', 'Chaupimarca', '1901'),
('110203', 'Chavin', '1102'),
('021004', 'Chavin de Huantar', '0210'),
('100503', 'Chavín de Pariarca', '1005'),
('050605', 'Chaviña', '0506'),
('101101', 'Chavinillo', '1011'),
('220904', 'Chazuta', '2209'),
('080602', 'Checacupe', '0806'),
('080502', 'Checca', '0805'),
('150804', 'Checras', '1508'),
('130401', 'Chepen', '1304'),
('060103', 'Chetilla', '0601'),
('010104', 'Cheto', '0101'),
('030203', 'Chiara', '0302'),
('050105', 'Chiara', '0501'),
('130202', 'Chicama', '1302'),
('120106', 'Chicche', '1201'),
('040604', 'Chichas', '0406'),
('150705', 'Chicla', '1507'),
('140101', 'Chiclayo', '1401'),
('040106', 'Chiguata', '0401'),
('060404', 'Chiguirip', '0604'),
('120107', 'Chilca', '1201'),
('150505', 'Chilca', '1505'),
('050504', 'Chilcas', '0505'),
('040405', 'Chilcaymarca', '0404'),
('050904', 'Chilcayoc', '0509'),
('060502', 'Chilete', '0605'),
('010105', 'Chiliquin', '0101'),
('130803', 'Chillia', '1308'),
('060405', 'Chimban', '0604'),
('021801', 'Chimbote', '0218'),
('110201', 'Chincha Alta', '1102'),
('110204', 'Chincha Baja', '1102'),
('100103', 'Chinchao', '1001'),
('080304', 'Chinchaypujio', '0803'),
('081302', 'Chinchero', '0813'),
('030601', 'Chincheros', '0306'),
('090503', 'Chinchihuasi', '0905'),
('090305', 'Chincho', '0903'),
('021905', 'Chingalpo', '0219'),
('020304', 'Chingas', '0203'),
('050606', 'Chipao', '0506'),
('220905', 'Chipurana', '2209'),
('020501', 'Chiquian', '0205'),
('010602', 'Chirimoto', '0106'),
('060902', 'Chirinos', '0609'),
('010302', 'Chisquilla', '0103'),
('040501', 'Chivay', '0405'),
('140302', 'Chochope', '1403'),
('040406', 'Choco', '0404'),
('130203', 'Chocope', '1302'),
('151009', 'Chocos', '1510'),
('180202', 'Chojata', '1802'),
('100702', 'Cholon', '1007'),
('120108', 'Chongos Alto', '1201'),
('120903', 'Chongos Bajo', '1209'),
('140102', 'Chongoyape', '1401'),
('190302', 'Chontabamba', '1903'),
('060803', 'Chontali', '0608'),
('101108', 'Choras', '1011'),
('060406', 'Choropampa', '0604'),
('060603', 'Choros', '0606'),
('150108', 'Chorrillos', '1501'),
('060401', 'Chota', '0604'),
('210106', 'Chucuito', '2101'),
('130902', 'Chugay', '1309'),
('060702', 'Chugur', '0607'),
('200401', 'Chulucanas', '2004'),
('050702', 'Chumpi', '0507'),
('060302', 'Chumuch', '0603'),
('050505', 'Chungui', '0505'),
('210206', 'Chupa', '2102'),
('120901', 'Chupaca', '1209'),
('090405', 'Chupamarca', '0904'),
('120111', 'Chupuro', '1201'),
('010106', 'Chuquibamba', '0101'),
('040601', 'Chuquibamba', '0406'),
('030701', 'Chuquibambilla', '0307'),
('100307', 'Chuquis', '1003'),
('090501', 'Churcampa', '0905'),
('100104', 'Churubamba', '1001'),
('010303', 'Churuja', '0103'),
('050202', 'Chuschi', '0502'),
('150109', 'Cieneguilla', '1501'),
('030103', 'Circa', '0301'),
('230104', 'Ciudad Nueva', '2301'),
('180203', 'Coalaque', '1802'),
('210304', 'Coasa', '2103'),
('210107', 'Coata', '2101'),
('150506', 'Coayllo', '1505'),
('010503', 'Cocabamba', '0105'),
('040702', 'Cocachacra', '0407'),
('090406', 'Cocas', '0904'),
('020102', 'Cochabamba', '0201'),
('060407', 'Cochabamba', '0604'),
('100403', 'Cochabamba', '1004'),
('010603', 'Cochamal', '0106'),
('150904', 'Cochamarca', '1509'),
('021102', 'Cochapeti', '0211'),
('030603', 'Cocharcas', '0306'),
('021405', 'Cochas', '0214'),
('120205', 'Cochas', '1202'),
('151010', 'Cochas', '1510'),
('130903', 'Cochorco', '1309'),
('100902', 'Codo del Pozuzo', '1009'),
('021803', 'Coishco', '0218'),
('210602', 'Cojata', '2106'),
('200504', 'Colan', '2005'),
('060804', 'Colasay', '0608'),
('051007', 'Colca', '0510'),
('120112', 'Colca', '1201'),
('020103', 'Colcabamba', '0201'),
('030405', 'Colcabamba', '0304'),
('090705', 'Colcabamba', '0907'),
('010504', 'Colcamar', '0105'),
('081004', 'Colcha', '0810'),
('151011', 'Colonia', '1510'),
('100203', 'Colpas', '1002'),
('080704', 'Colquemarca', '0807'),
('081104', 'Colquepata', '0811'),
('020507', 'Colquioc', '0205'),
('050802', 'Colta', '0508'),
('020803', 'Comandante Noel', '0208'),
('120206', 'Comas', '1202'),
('150110', 'Comas', '1501'),
('080603', 'Combapata', '0806'),
('090104', 'Conayca', '0901'),
('051104', 'Concepción', '0511'),
('120201', 'Concepción', '1202'),
('100204', 'Conchamarca', '1002'),
('060408', 'Conchan', '0604'),
('021503', 'Conchucos', '0215'),
('060203', 'Condebamba', '0602'),
('130303', 'Condormarca', '1303'),
('080802', 'Condoroma', '0808'),
('210505', 'Conduriri', '2105'),
('090306', 'Congalla', '0903'),
('021406', 'Congas', '0214'),
('010505', 'Conila', '0105'),
('210902', 'Conima', '2109'),
('190308', 'Constitución', '1903'),
('160601', 'Contamana', '1606'),
('060501', 'Contumaza', '0605'),
('150302', 'Copa', '1503'),
('010203', 'Copallin', '0102'),
('211303', 'Copani', '2113'),
('040506', 'Coporaque', '0405'),
('080803', 'Coporaque', '0808'),
('050701', 'Coracora', '0507'),
('210305', 'Corani', '2103'),
('050803', 'Corculla', '0508'),
('090603', 'Córdova', '0906'),
('020202', 'Coris', '0202'),
('050703', 'Coronel Castañeda', '0507'),
('230110', 'Coronel Gregorio Albarracín Lanchipa', '2301'),
('020901', 'Corongo', '0209'),
('010304', 'Corosha', '0103'),
('240102', 'Corrales', '2401'),
('060303', 'Cortegana', '0603'),
('090511', 'Cosme', '0905'),
('060104', 'Cospan', '0601'),
('030502', 'Cotabambas', '0305'),
('040801', 'Cotahuasi', '0408'),
('021703', 'Cotaparaco', '0217'),
('030406', 'Cotaruse', '0304'),
('120602', 'Coviriali', '1206'),
('080402', 'Coya', '0804'),
('030503', 'Coyllurqui', '0305'),
('200804', 'Cristo Nos Valga', '2008'),
('210306', 'Crucero', '2103'),
('180103', 'Cuchumbaya', '1801'),
('090105', 'Cuenca', '0901'),
('150706', 'Cuenca', '1507'),
('010305', 'Cuispes', '0103'),
('060604', 'Cujillo', '0606'),
('021103', 'Culebras', '0211'),
('120113', 'Cullhuas', '1201'),
('010703', 'Cumba', '0107'),
('220505', 'Cuñumbuqui', '2205'),
('210803', 'Cupi', '2108'),
('060503', 'Cupisnique', '0605'),
('200107', 'Cura Mori', '2001'),
('030104', 'Curahuasi', '0301'),
('030714', 'Curasco', '0307'),
('130904', 'Curgos', '1309'),
('230204', 'Curibaya', '2302'),
('120406', 'Curicaca', '1204'),
('250303', 'Curimana', '2503'),
('030702', 'Curpahuasi', '0307'),
('020904', 'Cusca', '0209'),
('080101', 'Cusco', '0801'),
('081206', 'Cusipata', '0812'),
('060601', 'Cutervo', '0606'),
('211304', 'Cuturapi', '2113'),
('211202', 'Cuyocuyo', '2112'),
('100602', 'Daniel Alomía Robles', '1006'),
('090706', 'Daniel Hernández', '0907'),
('040703', 'Dean Valdivia', '0407'),
('210402', 'Desaguadero', '2104'),
('080902', 'Echarate', '0809'),
('061003', 'Eduardo Villanueva', '0610'),
('150111', 'El Agustino', '1501'),
('180302', 'El Algarrobal', '1803'),
('200702', 'El Alto', '2007'),
('090504', 'El Carmen', '0905'),
('110205', 'El Carmen', '1102'),
('200303', 'El Carmen de la Frontera', '2003'),
('010402', 'El Cenepa', '0104'),
('220403', 'El Eslabón', '2204'),
('110303', 'El Ingenio', '1103'),
('120407', 'El Mantaro', '1204'),
('010704', 'El Milagro', '0107'),
('030302', 'El Oro', '0303'),
('010204', 'El Parco', '0102'),
('030610', 'El Porvenir', '0306'),
('130102', 'El Porvenir', '1301'),
('220906', 'El Porvenir', '2209'),
('061105', 'El Prado', '0611'),
('200108', 'El Tallan', '2001'),
('120114', 'El Tambo', '1201'),
('021303', 'Eleazar Guzmán Barron', '0213'),
('220803', 'Elías Soplin Vargas', '2208'),
('160504', 'Emilio San Martín', '1605'),
('060105', 'Encañada', '0601'),
('080801', 'Espinar', '0808'),
('230403', 'Estique', '2304'),
('230404', 'Estique-Pampa', '2304'),
('140103', 'Eten', '1401'),
('140104', 'Eten Puerto', '1401'),
('160103', 'Fernando Lores', '1601'),
('140201', 'Ferreñafe', '1402'),
('021304', 'Fidel Olivas Escudero', '0213'),
('170202', 'Fitzcarrald', '1702'),
('130103', 'Florencia de Mora', '1301'),
('010306', 'Florida', '0103'),
('200202', 'Frias', '2002'),
('030703', 'Gamarra', '0307'),
('150303', 'Gorgor', '1503'),
('190203', 'Goyllarisquizga', '1902'),
('010107', 'Granada', '0101'),
('061004', 'Gregorio Pita', '0610'),
('110206', 'Grocio Prado', '1102'),
('130702', 'Guadalupe', '1307'),
('131203', 'Guadalupito', '1312'),
('060504', 'Guzmango', '0605'),
('220103', 'Habana', '2201'),
('030504', 'Haquira', '0305'),
('100603', 'Hermílio Valdizan', '1006'),
('230402', 'Héroes Albarracín', '2304'),
('120207', 'Heroínas Toledo', '1202'),
('151012', 'Hongos', '1510'),
('100903', 'Honoria', '1009'),
('060805', 'Huabal', '0608'),
('050607', 'Huac-Huas', '0506'),
('021005', 'Huacachi', '0210'),
('050905', 'Huacaña', '0509'),
('100205', 'Huacar', '1002'),
('021504', 'Huacaschuque', '0215'),
('100401', 'Huacaybamba', '1004'),
('030604', 'Huaccana', '0306'),
('021006', 'Huacchis', '0210'),
('120904', 'Huachac', '1209'),
('021007', 'Huachis', '0210'),
('150801', 'Huacho', '1508'),
('090106', 'Huachocolpa', '0901'),
('090707', 'Huachocolpa', '0907'),
('190102', 'Huachon', '1901'),
('090407', 'Huachos', '0904'),
('150707', 'Huachupampa', '1507'),
('020203', 'Huacllan', '0202'),
('100701', 'Huacrachuco', '1007'),
('120116', 'Huacrapuquio', '1201'),
('210403', 'Huacullani', '2104'),
('060703', 'Hualgayoc', '0607'),
('120117', 'Hualhuas', '1201'),
('051010', 'Hualla', '0510'),
('220204', 'Huallaga', '2202'),
('020508', 'Huallanca', '0205'),
('021202', 'Huallanca', '0212'),
('150805', 'Hualmay', '1508'),
('130901', 'Huamachuco', '1309'),
('120408', 'Huamali', '1204'),
('120905', 'Huamancaca Chico', '1209'),
('050403', 'Huamanguilla', '0504'),
('051008', 'Huamanquiquia', '0510'),
('150403', 'Huamantanga', '1504'),
('090408', 'Huamatambo', '0904'),
('051105', 'Huambalpa', '0511'),
('010604', 'Huambo', '0106'),
('040507', 'Huambo', '0405'),
('060409', 'Huambos', '0604'),
('151013', 'Huampara', '1510'),
('040508', 'Huanca', '0405'),
('090307', 'Huanca-Huanca', '0903'),
('190303', 'Huancabamba', '1903'),
('200301', 'Huancabamba', '2003'),
('120119', 'Huancan', '1201'),
('210601', 'Huancane', '2106'),
('110502', 'Huancano', '1105'),
('051001', 'Huancapi', '0510'),
('150304', 'Huancapon', '1503'),
('030204', 'Huancarama', '0302'),
('081105', 'Huancarani', '0811'),
('030205', 'Huancaray', '0302'),
('051009', 'Huancaraylla', '0510'),
('040407', 'Huancarqui', '0404'),
('010108', 'Huancas', '0101'),
('130804', 'Huancaspata', '1308'),
('090101', 'Huancavelica', '0901'),
('151014', 'Huancaya', '1510'),
('120101', 'Huancayo', '1201'),
('130104', 'Huanchaco', '1301'),
('020104', 'Huanchay', '0201'),
('090119', 'Huando', '0901'),
('021505', 'Huandoval', '0215'),
('151017', 'Huañec', '1510'),
('151015', 'Huangascar', '1510'),
('030105', 'Huanipaca', '0301'),
('081005', 'Huanoquite', '0810'),
('050401', 'Huanta', '0504'),
('151016', 'Huantan', '1510'),
('021008', 'Huantar', '0210'),
('230205', 'Huanuara', '2302'),
('100101', 'Huanuco', '1001'),
('040309', 'Huanuhuanu', '0403'),
('150708', 'Huanza', '1507'),
('030303', 'Huaquirca', '0303'),
('150601', 'Huaral', '1506'),
('130605', 'Huaranchal', '1306'),
('060903', 'Huarango', '0609'),
('020101', 'Huaraz', '0201'),
('021001', 'Huari', '0210'),
('190103', 'Huariaca', '1901'),
('090709', 'Huaribamba', '0907'),
('120703', 'Huaricolca', '1207'),
('120409', 'Huaripampa', '1204'),
('200304', 'Huarmaca', '2003'),
('021101', 'Huarmey', '0211'),
('081207', 'Huaro', '0812'),
('150709', 'Huarochiri', '1507'),
('080305', 'Huarocondo', '0803'),
('150404', 'Huaros', '1504'),
('120704', 'Huasahuasi', '1207'),
('120120', 'Huasicancha', '1201'),
('060304', 'Huasmin', '0603'),
('130504', 'Huaso', '1305'),
('020509', 'Huasta', '0205'),
('021203', 'Huata', '0212'),
('210108', 'Huata', '2101'),
('210603', 'Huatasani', '2106'),
('150806', 'Huaura', '1508'),
('120803', 'Huay-Huay', '1208'),
('090604', 'Huayacundo Arma', '0906'),
('021104', 'Huayan', '0211'),
('030206', 'Huayana', '0302'),
('021204', 'Huaylas', '0212'),
('130805', 'Huaylillas', '1308'),
('021906', 'Huayllabamba', '0219'),
('081303', 'Huayllabamba', '0813'),
('020510', 'Huayllacayan', '0205'),
('090107', 'Huayllahuara', '0901'),
('021602', 'Huayllan', '0216'),
('021704', 'Huayllapampa', '0217'),
('030704', 'Huayllati', '0307'),
('190104', 'Huayllay', '1901'),
('090308', 'Huayllay Grande', '0903'),
('040804', 'Huaynacotas', '0408'),
('130806', 'Huayo', '1308'),
('080903', 'Huayopata', '0809'),
('210903', 'Huayrapata', '2109'),
('090601', 'Huaytara', '0906'),
('120121', 'Huayucachi', '1201'),
('170204', 'Huepetuhe', '1702'),
('120410', 'Huertas', '1204'),
('220603', 'Huicungo', '2206'),
('220907', 'Huimbayoc', '2209'),
('110503', 'Humay', '1105'),
('170302', 'Iberia', '1703'),
('110101', 'Ica', '1101'),
('061005', 'Ichocan', '0610'),
('180204', 'Ichuña', '1802'),
('040509', 'Ichupampa', '0405'),
('200603', 'Ignacio Escudero', '2006'),
('050404', 'Iguain', '0504'),
('150606', 'Ihuari', '1506'),
('030407', 'Ihuayllo', '0304'),
('230302', 'Ilabaya', '2303'),
('210501', 'Ilave', '2105'),
('140303', 'Illimo', '1403'),
('180301', 'Ilo', '1803'),
('010205', 'Imaza', '0102'),
('150507', 'Imperial', '1505'),
('160602', 'Inahuaya', '1606'),
('170102', 'Inambari', '1701'),
('170301', 'Iñapari', '1703'),
('140203', 'Incahuasi', '1402'),
('210604', 'Inchupalla', '2106'),
('230105', 'Inclan', '2301'),
('020105', 'Independencia', '0201'),
('051106', 'Independencia', '0511'),
('110504', 'Independencia', '1105'),
('150112', 'Independencia', '1501'),
('160104', 'Indiana', '1601'),
('120122', 'Ingenio', '1201'),
('010506', 'Inguilpata', '0105'),
('080911', 'Inkawasi', '0809'),
('250103', 'Iparia', '2501'),
('160101', 'Iquitos', '1601'),
('040605', 'Iray', '0406'),
('250302', 'Irazola', '2503'),
('040704', 'Islay', '0407'),
('230303', 'Ite', '2303'),
('210307', 'Ituata', '2103'),
('090108', 'Izcuchaca', '0901'),
('101105', 'Jacas Chico', '1011'),
('100504', 'Jacas Grande', '1005'),
('040107', 'Jacobo Hunter', '0401'),
('060801', 'Jaén', '0608'),
('010705', 'Jamalca', '0107'),
('020106', 'Jangas', '0201'),
('120411', 'Janjaillo', '1204'),
('040310', 'Jaqui', '0403'),
('120401', 'Jauja', '1204'),
('140304', 'Jayanca', '1403'),
('010307', 'Jazan', '0103'),
('160205', 'Jeberos', '1602'),
('160510', 'Jenaro Herrera', '1605'),
('220104', 'Jepelacio', '2201'),
('130703', 'Jequetepeque', '1307'),
('060106', 'Jesús', '0601'),
('101001', 'Jesús', '1010'),
('150113', 'Jesús María', '1501'),
('050115', 'Jesús Nazareno', '0501'),
('200203', 'Jilili', '2002'),
('100505', 'Jircan', '1005'),
('101003', 'Jivia', '1010'),
('060305', 'Jorge Chávez', '0603'),
('100604', 'José Crespo y Castillo', '1006'),
('210207', 'José Domingo Choquehuanca', '2102'),
('060306', 'José Gálvez', '0603'),
('140105', 'José Leonardo Ortiz', '1401'),
('040129', 'José Luis Bustamante Y Rivero', '0401'),
('061006', 'José Manuel Quiroz', '0610'),
('030220', 'José María Arguedas', '0302'),
('040202', 'José María Quimper', '0402'),
('061007', 'José Sabogal', '0610'),
('030304', 'Juan Espinoza Medrano', '0303'),
('220908', 'Juan Guerra', '2209'),
('220601', 'Juanjuí', '2206'),
('090309', 'Julcamarca', '0903'),
('120412', 'Julcán', '1204'),
('130501', 'Julcan', '1305'),
('210401', 'Juli', '2104'),
('211101', 'Juliaca', '2111'),
('010301', 'Jumbilla', '0103'),
('120501', 'Junin', '1205'),
('030408', 'Justo Apu Sahuaraura', '0304'),
('030219', 'Kaquiabamba', '0302'),
('210404', 'Kelluyo', '2104'),
('080907', 'Kimbiri', '0809'),
('030207', 'Kishuara', '0302'),
('081106', 'Kosñipata', '0811'),
('080503', 'Kunturkanki', '0805'),
('200109', 'La Arena', '2001'),
('220909', 'La Banda de Shilcayo', '2209'),
('200703', 'La Brea', '2007'),
('180205', 'La Capilla', '1802'),
('060904', 'La Coipa', '0609'),
('240103', 'La Cruz', '2401'),
('130606', 'La Cuesta', '1306'),
('061305', 'La Esperanza', '0613'),
('130105', 'La Esperanza', '1301'),
('061106', 'La Florida', '0611'),
('200505', 'La Huaca', '2005'),
('010109', 'La Jalca', '0101'),
('040108', 'La Joya', '0401'),
('020107', 'La Libertad', '0201'),
('060312', 'La Libertad de Pallan', '0603'),
('200404', 'La Matanza', '2004'),
('020204', 'La Merced', '0202'),
('090505', 'La Merced', '0905'),
('150114', 'La Molina', '1501'),
('100704', 'La Morada', '1007'),
('120801', 'La Oroya', '1208'),
('020905', 'La Pampa', '0209'),
('010206', 'La Peca', '0102'),
('070104', 'La Perla', '0701'),
('020511', 'La Primavera', '0205'),
('070105', 'La Punta', '0701'),
('060605', 'La Ramada', '0606'),
('110102', 'La Tinguiña', '1101'),
('100301', 'La Unión', '1003'),
('120705', 'La Unión', '1207'),
('200110', 'La Unión', '2001'),
('140106', 'La Victoria', '1401'),
('150115', 'La Victoria', '1501'),
('230111', 'La Yarada los Palos', '2301'),
('170104', 'Laberinto', '1701'),
('021506', 'Lacabamba', '0215'),
('150405', 'Lachaqui', '1504'),
('140107', 'Lagunas', '1401'),
('160206', 'Lagunas', '1602'),
('200204', 'Lagunas', '2002'),
('150710', 'Lahuaytambo', '1507'),
('060410', 'Lajas', '0604'),
('200305', 'Lalaquiz', '2003'),
('220501', 'Lamas', '2205'),
('080403', 'Lamay', '0804'),
('140301', 'Lambayeque', '1403'),
('030106', 'Lambrama', '0301'),
('050804', 'Lampa', '0508'),
('210701', 'Lampa', '2107'),
('150607', 'Lampian', '1506'),
('010501', 'Lamud', '0105'),
('200604', 'Lancones', '2006'),
('150711', 'Langa', '1507'),
('080504', 'Langui', '0805'),
('090605', 'Laramarca', '0906'),
('050608', 'Laramate', '0506'),
('150712', 'Laraos', '1507'),
('151018', 'Laraos', '1510'),
('130106', 'Laredo', '1301'),
('080404', 'Lares', '0804'),
('040510', 'Lari', '0405'),
('090109', 'Laria', '0901'),
('160105', 'Las Amazonas', '1601'),
('200111', 'Las Lomas', '2001'),
('170103', 'Las Piedras', '1701'),
('060806', 'Las Pirias', '0608'),
('080505', 'Layo', '0805'),
('010110', 'Leimebamba', '0101'),
('050609', 'Leoncio Prado', '0506'),
('150807', 'Leoncio Prado', '1508'),
('120413', 'Leonor Ordóñez', '1204'),
('010111', 'Levanto', '0101'),
('150101', 'Lima', '1501'),
('010605', 'Limabamba', '0106'),
('080306', 'Limatambo', '0803'),
('211203', 'Limbani', '2112'),
('150116', 'Lince', '1501'),
('151019', 'Lincha', '1510'),
('090301', 'Lircay', '0903'),
('080705', 'Livitaca', '0807'),
('060107', 'Llacanora', '0601'),
('021705', 'Llacllin', '0217'),
('210804', 'Llalli', '2108'),
('021305', 'Llama', '0213'),
('060411', 'Llama', '0604'),
('020301', 'Llamellin', '0203'),
('061107', 'Llapa', '0611'),
('021507', 'Llapo', '0215'),
('100501', 'Llata', '1005'),
('050610', 'Llauta', '0506'),
('120603', 'Llaylla', '1206'),
('021407', 'Llipa', '0214'),
('110402', 'Llipata', '1104'),
('050408', 'Llochegua', '0504'),
('120414', 'Llocllapampa', '1204'),
('180206', 'Lloque', '1802'),
('021306', 'Llumpa', '0213'),
('080706', 'Llusco', '0807'),
('040511', 'Lluta', '0405'),
('200704', 'Lobitos', '2007'),
('090506', 'Locroja', '0905'),
('230301', 'Locumba', '2303'),
('040311', 'Lomas', '0403'),
('010606', 'Longar', '0106'),
('130304', 'Longotea', '1303'),
('010507', 'Longuita', '0105'),
('010508', 'Lonya Chico', '0105'),
('010706', 'Lonya Grande', '0107'),
('110103', 'Los Aquijes', '1101'),
('060108', 'Los Baños del Inca', '0601'),
('030611', 'Los Chankas', '0306'),
('050203', 'Los Morochucos', '0502'),
('150117', 'Los Olivos', '1501'),
('200705', 'Los Organos', '2007'),
('050611', 'Lucanas', '0506'),
('021307', 'Lucma', '0213'),
('131102', 'Lucma', '1311'),
('030409', 'Lucre', '0304'),
('081208', 'Lucre', '0812'),
('050506', 'Luis Carranza', '0505'),
('150508', 'Lunahuana', '1505'),
('050405', 'Luricocha', '0504'),
('150118', 'Lurigancho', '1501'),
('150119', 'Lurin', '1501'),
('010509', 'Luya', '0105'),
('010510', 'Luya Viejo', '0105'),
('100605', 'Luyando', '1006'),
('040512', 'Maca', '0405'),
('210805', 'Macari', '2108'),
('021804', 'Macate', '0218'),
('040408', 'Machaguay', '0404'),
('130608', 'Mache', '1306'),
('081304', 'Machupicchu', '0813'),
('210301', 'Macusani', '2103'),
('151020', 'Madean', '1510'),
('170203', 'Madre de Dios', '1702'),
('040513', 'Madrigal', '0405'),
('010112', 'Magdalena', '0101'),
('060109', 'Magdalena', '0601'),
('130204', 'Magdalena de Cao', '1302'),
('150120', 'Magdalena del Mar', '1501'),
('040520', 'Majes', '0405'),
('150509', 'Mala', '1505'),
('021105', 'Malvas', '0211'),
('030705', 'Mamara', '0307'),
('250107', 'Manantay', '2501'),
('150305', 'Manas', '1503'),
('210109', 'Mañazo', '2101'),
('200706', 'Mancora', '2007'),
('022003', 'Mancos', '0220'),
('020512', 'Mangas', '0205'),
('160703', 'Manseriche', '1607'),
('090110', 'Manta', '0901'),
('170201', 'Manu', '1702'),
('140204', 'Manuel Antonio Mesones Muro', '1402'),
('120208', 'Manzanares', '1202'),
('160505', 'Maquia', '1605'),
('030505', 'Mara', '0305'),
('080604', 'Marangani', '0806'),
('080904', 'Maranura', '0809'),
('081305', 'Maras', '0813'),
('021706', 'Marca', '0217'),
('130905', 'Marcabal', '1309'),
('050805', 'Marcabamba', '0508'),
('081209', 'Marcapata', '0812'),
('120804', 'Marcapomacocha', '1208'),
('020606', 'Marcara', '0206'),
('090205', 'Marcas', '0902'),
('200605', 'Marcavelica', '2006'),
('120415', 'Marco', '1204'),
('110304', 'Marcona', '1103'),
('100105', 'Margos', '1001'),
('010511', 'María', '0105'),
('050204', 'María Parado de Bellido', '0502'),
('100606', 'Mariano Damaso Beraun', '1006'),
('040109', 'Mariano Melgar', '0401'),
('040203', 'Mariano Nicolás Valcárcel', '0402'),
('100311', 'Marías', '1003'),
('150713', 'Mariatana', '1507'),
('010607', 'Mariscal Benavides', '0106'),
('040204', 'Mariscal Cáceres', '0402'),
('090111', 'Mariscal Cáceres', '0901'),
('010113', 'Mariscal Castilla', '0101'),
('120209', 'Mariscal Castilla', '1202'),
('131103', 'Marmot', '1311'),
('021009', 'Masin', '0210'),
('250104', 'Masisea', '2501'),
('120416', 'Masma', '1204'),
('120417', 'Masma Chicche', '1204'),
('022004', 'Matacoto', '0220'),
('120210', 'Matahuasi', '1202'),
('180207', 'Matalaque', '1802'),
('240303', 'Matapalo', '2403'),
('060110', 'Matara', '0601'),
('021205', 'Mato', '0212'),
('150701', 'Matucana', '1507'),
('120604', 'Mazamari', '1206'),
('160106', 'Mazan', '1601'),
('080914', 'Megantoni', '0809'),
('040705', 'Mejia', '0407'),
('070107', 'Mi Perú', '0701'),
('030706', 'Micaela Bastidas', '0307'),
('200606', 'Miguel Checa', '2006'),
('060307', 'Miguel Iglesias', '0603'),
('010608', 'Milpuc', '0106'),
('060412', 'Miracosta', '0604'),
('040110', 'Miraflores', '0401'),
('100506', 'Miraflores', '1005'),
('150122', 'Miraflores', '1501'),
('151021', 'Miraflores', '1510'),
('020305', 'Mirgas', '0203'),
('120211', 'Mito', '1202'),
('130107', 'Moche', '1301'),
('140305', 'Mochumi', '1403'),
('210901', 'Moho', '2109'),
('100803', 'Molino', '1008'),
('010114', 'Molinopampa', '0101'),
('120418', 'Molinos', '1204'),
('131004', 'Mollebamba', '1310'),
('040111', 'Mollebaya', '0401'),
('040701', 'Mollendo', '0407'),
('090409', 'Mollepampa', '0904'),
('080307', 'Mollepata', '0803'),
('131005', 'Mollepata', '1310'),
('120419', 'Monobamba', '1204'),
('140108', 'Monsefu', '1401'),
('200205', 'Montero', '2002'),
('010115', 'Montevideo', '0101'),
('100507', 'Monzón', '1005'),
('180101', 'Moquegua', '1801'),
('220910', 'Morales', '2209'),
('050906', 'Morcolla', '0509'),
('021805', 'Moro', '0218'),
('120805', 'Morococha', '1208'),
('160704', 'Morona', '1607'),
('140306', 'Morrope', '1403'),
('200405', 'Morropon', '2004'),
('080204', 'Mosoc Llacta', '0802'),
('140307', 'Motupe', '1403'),
('090112', 'Moya', '0901'),
('220101', 'Moyobamba', '2201'),
('210208', 'Muñani', '2102'),
('120420', 'Muqui', '1204'),
('120421', 'Muquiyauyo', '1204'),
('021308', 'Musga', '0213'),
('090710', 'Ñahuimpuquio', '0907'),
('060905', 'Namballe', '0609'),
('060111', 'Namora', '0601'),
('061108', 'Nanchoc', '0611'),
('160107', 'Napo', '1601'),
('110301', 'Nasca', '1103'),
('160301', 'Nauta', '1603'),
('150905', 'Navan', '1509'),
('021806', 'Nepeña', '0218'),
('250304', 'Neshuya', '2503'),
('210704', 'Nicasio', '2107'),
('040205', 'Nicolás de Pierola', '0402'),
('061109', 'Niepos', '0611'),
('010401', 'Nieva', '0104'),
('061306', 'Ninabamba', '0613'),
('190105', 'Ninacaca', '1901'),
('140109', 'Nueva Arica', '1401'),
('220804', 'Nueva Cajamarca', '2208'),
('250106', 'Nueva Requena', '2501'),
('120212', 'Nueve de Julio', '1202'),
('021809', 'Nuevo Chimbote', '0218'),
('150510', 'Nuevo Imperial', '1505'),
('090113', 'Nuevo Occoro', '0901'),
('221002', 'Nuevo Progreso', '2210'),
('210806', 'Nuñoa', '2108'),
('101106', 'Obas', '1011'),
('010512', 'Ocalli', '0105'),
('050612', 'Ocaña', '0506'),
('030605', 'Ocobamba', '0306'),
('080905', 'Ocobamba', '0809'),
('040206', 'Ocoña', '0402'),
('081210', 'Ocongate', '0812'),
('080804', 'Ocoruro', '0808'),
('090606', 'Ocoyo', '0906'),
('021401', 'Ocros', '0214'),
('050106', 'Ocros', '0501'),
('110104', 'Ocucaje', '1101'),
('010513', 'Ocumal', '0105'),
('210705', 'Ocuviri', '2107'),
('210308', 'Ollachea', '2103'),
('081306', 'Ollantaytambo', '0813'),
('211305', 'Ollaraya', '2113'),
('010116', 'Olleros', '0101'),
('020108', 'Olleros', '0201'),
('140308', 'Olmos', '1403'),
('081006', 'Omachaç', '0810'),
('151022', 'Omas', '1510'),
('180201', 'Omate', '1802'),
('010609', 'Omia', '0106'),
('120503', 'Ondores', '1205'),
('130807', 'Ongon', '1308'),
('030606', 'Ongoy', '0306'),
('040409', 'Orcopampa', '0404'),
('120213', 'Orcotuna', '1202'),
('050511', 'Oronccoy', '0505'),
('030305', 'Oropesa', '0303'),
('081211', 'Oropesa', '0812'),
('210807', 'Orurillo', '2108'),
('050613', 'Otoca', '0506'),
('130601', 'Otuzco', '1306'),
('060308', 'Oxamarca', '0603'),
('190301', 'Oxapampa', '1903'),
('050806', 'Oyolo', '0508'),
('150901', 'Oyon', '1509'),
('140110', 'Oyotun', '1401'),
('120422', 'Paca', '1204'),
('200206', 'Pacaipampa', '2002'),
('130402', 'Pacanga', '1304'),
('050704', 'Pacapausa', '0507'),
('150511', 'Pacaran', '1505'),
('150608', 'Pacaraos', '1506'),
('130704', 'Pacasmayo', '1307'),
('050107', 'Pacaycasa', '0501'),
('081007', 'Paccaritambo', '0810'),
('060413', 'Paccha', '0604'),
('120423', 'Paccha', '1204'),
('120806', 'Paccha', '1208'),
('150808', 'Paccho', '1508'),
('150123', 'Pachacamac', '1501'),
('030306', 'Pachaconas', '0303'),
('110105', 'Pachacutec', '1101'),
('090510', 'Pachamarca', '0905'),
('150906', 'Pachangara', '1509'),
('100313', 'Pachas', '1003'),
('230106', 'Pachia', '2301'),
('220604', 'Pachiza', '2206'),
('020513', 'Pacllon', '0205'),
('030208', 'Pacobamba', '0302'),
('180303', 'Pacocha', '1803'),
('140309', 'Pacora', '1403'),
('030209', 'Pacucha', '0302'),
('250301', 'Padre Abad', '2503'),
('160603', 'Padre Márquez', '1606'),
('050907', 'Paico', '0509'),
('130205', 'Paijan', '1302'),
('200207', 'Paimas', '2002'),
('200501', 'Paita', '2005'),
('220605', 'Pajarillo', '2206'),
('090114', 'Palca', '0901'),
('120706', 'Palca', '1207'),
('210706', 'Palca', '2107'),
('230107', 'Palca', '2301'),
('120707', 'Palcamayo', '1207'),
('190304', 'Palcazu', '1903'),
('190106', 'Pallanchacra', '1901'),
('021508', 'Pallasca', '0215'),
('080805', 'Pallpata', '0808'),
('110401', 'Palpa', '1104'),
('120605', 'Pampa Hermosa', '1206'),
('160604', 'Pampa Hermosa', '1606'),
('030210', 'Pampachiri', '0302'),
('040410', 'Pampacolca', '0404'),
('040805', 'Pampamarca', '0408'),
('080506', 'Pampamarca', '0805'),
('101107', 'Pampamarca', '1011'),
('021206', 'Pamparomas', '0212'),
('021509', 'Pampas', '0215'),
('090701', 'Pampas', '0907'),
('021707', 'Pampas Chico', '0217'),
('240104', 'Pampas de Hospital', '2401'),
('020109', 'Pampas Grande', '0201'),
('100801', 'Panao', '1008'),
('120424', 'Pancan', '1204'),
('120606', 'Pangoa', '1206'),
('220911', 'Papaplaya', '2209'),
('240304', 'Papayal', '2403'),
('110505', 'Paracas', '1105'),
('150202', 'Paramonga', '1502'),
('130610', 'Paranday', '1306'),
('050807', 'Pararca', '0508'),
('021708', 'Pararin', '0217'),
('050205', 'Paras', '0502'),
('210707', 'Paratia', '2107'),
('120425', 'Parco', '1204'),
('110106', 'Parcona', '1101'),
('130808', 'Parcoy', '1308'),
('220805', 'Pardo Miguel', '2208'),
('020110', 'Pariacoto', '0201'),
('020607', 'Pariahuanca', '0206'),
('120124', 'Pariahuanca', '1201'),
('160302', 'Parinari', '1603'),
('200701', 'Pariñas', '2007'),
('021603', 'Parobamba', '0216'),
('081001', 'Paruro', '0810'),
('160705', 'Pastaza', '1607'),
('211204', 'Patambuco', '2112'),
('140117', 'Patapo', '1401'),
('030707', 'Pataypampa', '0307'),
('130809', 'Pataz', '1308'),
('150203', 'Pativilca', '1502'),
('190204', 'Paucar', '1902'),
('090206', 'Paucara', '0902'),
('090507', 'Paucarbamba', '0905'),
('210110', 'Paucarcolla', '2101'),
('040112', 'Paucarpata', '0401'),
('081101', 'Paucartambo', '0811'),
('190107', 'Paucartambo', '1901'),
('021010', 'Paucas', '0210'),
('050801', 'Pausa', '0508'),
('090711', 'Pazos', '0907'),
('160402', 'Pebas', '1604'),
('061001', 'Pedro Gálvez', '0610'),
('211003', 'Pedro Vilca Apaza', '2110'),
('120302', 'Perene', '1203'),
('211205', 'Phara', '2112'),
('130810', 'Pias', '1308'),
('210111', 'Pichacani', '2101'),
('120303', 'Pichanaqui', '1203'),
('080910', 'Pichari', '0809'),
('080806', 'Pichigua', '0808'),
('030107', 'Pichirhua', '0301'),
('090722', 'Pichos', '0907'),
('220701', 'Picota', '2207'),
('140111', 'Picsi', '1401'),
('090115', 'Pilchaca', '0901'),
('120125', 'Pilcomayo', '1201'),
('210503', 'Pilcuyo', '2105'),
('100111', 'Pillco Marca', '1001'),
('081008', 'Pillpinto', '0810'),
('220704', 'Pilluana', '2207'),
('090607', 'Pilpichaca', '0906'),
('140112', 'Pimentel', '1401'),
('060606', 'Pimpingos', '0606'),
('100404', 'Pinra', '1004'),
('220506', 'Pinto Recodo', '2205'),
('060414', 'Pion', '0604'),
('020111', 'Pira', '0201'),
('080405', 'Pisac', '0804'),
('210405', 'Pisacoma', '2104'),
('110501', 'Pisco', '1105'),
('021301', 'Piscobamba', '0213'),
('220404', 'Piscoyacu', '2204'),
('010514', 'Pisuquia', '0105'),
('140205', 'Pitipo', '1402'),
('080605', 'Pitumarca', '0806'),
('200101', 'Piura', '2001'),
('210112', 'Plateria', '2101'),
('030410', 'Pocohuanca', '0304'),
('230108', 'Pocollay', '2301'),
('040113', 'Pocsi', '0401'),
('040114', 'Polobaya', '0401'),
('221003', 'Polvora', '2210'),
('021601', 'Pomabamba', '0216'),
('120426', 'Pomacancha', '1204'),
('080205', 'Pomacanchi', '0802'),
('030211', 'Pomacocha', '0302'),
('090207', 'Pomacocha', '0902'),
('060807', 'Pomahuaca', '0608'),
('140118', 'Pomalca', '1401'),
('210406', 'Pomata', '2104'),
('021011', 'Ponto', '0210'),
('130108', 'Poroto', '1301'),
('080103', 'Poroy', '0801'),
('220806', 'Posic', '2208'),
('210209', 'Potoni', '2102'),
('190305', 'Pozuzo', '1903'),
('030708', 'Progreso', '0307'),
('010515', 'Providencia', '0105'),
('220705', 'Pucacaca', '2207'),
('050411', 'Pucacolpa', '0504'),
('140119', 'Pucala', '1401'),
('060808', 'Pucara', '0608'),
('120126', 'Pucara', '1201'),
('210708', 'Pucara', '2107'),
('100607', 'Pucayacu', '1006'),
('150124', 'Pucusana', '1501'),
('080308', 'Pucyura', '0803'),
('021207', 'Pueblo Libre', '0212'),
('150121', 'Pueblo Libre', '1501'),
('100609', 'Pueblo Nuevo', '1006'),
('110107', 'Pueblo Nuevo', '1101'),
('110207', 'Pueblo Nuevo', '1102'),
('130403', 'Pueblo Nuevo', '1304'),
('140206', 'Pueblo Nuevo', '1402'),
('150125', 'Puente Piedra', '1501'),
('190306', 'Puerto Bermúdez', '1903'),
('100901', 'Puerto Inca', '1009'),
('160506', 'Puinahua', '1605'),
('061307', 'Pulan', '0613'),
('050705', 'Pullo', '0507'),
('160108', 'Punchana', '1601'),
('100508', 'Punchao', '1005'),
('210101', 'Puno', '2101'),
('100509', 'Puños', '1005'),
('040706', 'Punta de Bombón', '0407'),
('150126', 'Punta Hermosa', '1501'),
('150127', 'Punta Negra', '1501'),
('180208', 'Puquina', '1802'),
('050601', 'Puquio', '0506'),
('250401', 'Purus', '2504'),
('210605', 'Pusi', '2106'),
('211001', 'Putina', '2110'),
('151023', 'Putinza', '1510'),
('160801', 'Putumayo', '1608'),
('040806', 'Puyca', '0408'),
('050706', 'Puyusca', '0507'),
('040807', 'Quechualla', '0408'),
('080507', 'Quehue', '0805'),
('080906', 'Quellouno', '0809'),
('040115', 'Quequeña', '0401'),
('090608', 'Querco', '0906'),
('200607', 'Querecotillo', '2006'),
('050901', 'Querobamba', '0509'),
('060607', 'Querocotillo', '0606'),
('060415', 'Querocoto', '0604'),
('101004', 'Queropalca', '1010'),
('211206', 'Quiaca', '2112'),
('040312', 'Quicacha', '0403'),
('021907', 'Quiches', '0219'),
('090719', 'Quichuas', '0907'),
('120127', 'Quichuay', '1201'),
('230206', 'Quilahuani', '2302'),
('040207', 'Quilca', '0402'),
('211004', 'Quilcapuncu', '2110'),
('120128', 'Quilcas', '1201'),
('022005', 'Quillo', '0220'),
('150512', 'Quilmana', '1505'),
('151024', 'Quinches', '1510'),
('180209', 'Quinistaquillas', '1802'),
('010117', 'Quinjalca', '0101'),
('151025', 'Quinocay', '1510'),
('080707', 'Quiñota', '0807'),
('050108', 'Quinua', '0501'),
('021604', 'Quinuabamba', '0216'),
('081212', 'Quiquijana', '0812'),
('131006', 'Quiruvilca', '1310'),
('090713', 'Quishuar', '0907'),
('100106', 'Quisqui (Kichki)', '1001'),
('090609', 'Quito-Arma', '0906'),
('100316', 'Quivilla', '1003'),
('021908', 'Ragash', '0219'),
('021012', 'Rahuapampa', '0210'),
('160401', 'Ramón Castilla', '1604'),
('030608', 'Ranracancha', '0306'),
('022006', 'Ranrahirca', '0220'),
('021013', 'Rapayan', '0210'),
('250201', 'Raymondi', '2502'),
('130206', 'Rázuri', '1302'),
('010308', 'Recta', '0103'),
('021701', 'Recuay', '0217'),
('140113', 'Reque', '1401'),
('160501', 'Requena', '1605'),
('150714', 'Ricardo Palma', '1507'),
('120427', 'Ricran', '1204'),
('150128', 'Rímac', '1501'),
('200806', 'Rinconada Llicuar', '2008'),
('040606', 'Río Grande', '0406'),
('110403', 'Río Grande', '1104'),
('120607', 'Río Negro', '1206'),
('010403', 'Río Santiago', '0104'),
('120608', 'Río Tambo', '1206'),
('220801', 'Rioja', '2208'),
('100317', 'Ripan', '1003'),
('090721', 'Roble', '0907'),
('030609', 'Rocchacc', '0306'),
('080206', 'Rondocan', '0802'),
('101005', 'Rondos', '1010'),
('160802', 'Rosa Panduro', '1608'),
('090208', 'Rosario', '0902'),
('210606', 'Rosaspata', '2106'),
('220507', 'Rumisapa', '2205'),
('100601', 'Rupa-Rupa', '1006'),
('030307', 'Sabaino', '0303'),
('040116', 'Sabandia', '0401'),
('220405', 'Sacanche', '2204'),
('040117', 'Sachaca', '0401'),
('050303', 'Sacsamarca', '0503'),
('050614', 'Saisa', '0506'),
('040607', 'Salamanca', '0406'),
('110108', 'Salas', '1101'),
('140310', 'Salas', '1403'),
('130109', 'Salaverry', '1301'),
('090714', 'Salcabamba', '0907'),
('090715', 'Salcahuasi', '0907'),
('200406', 'Salitral', '2004'),
('200608', 'Salitral', '2006'),
('060809', 'Sallique', '0608'),
('130611', 'Salpo', '1306'),
('230109', 'Sama', '2301'),
('210210', 'Saman', '2102'),
('021807', 'Samanco', '0218'),
('180104', 'Samegua', '1801'),
('040208', 'Samuel Pastor', '0402'),
('050509', 'Samugari', '0505'),
('120129', 'San Agustín', '1201'),
('110506', 'San Andrés', '1105'),
('060608', 'San Andrés de Cutervo', '0606'),
('150715', 'San Andrés de Tupicocha', '1507'),
('210211', 'San Anton', '2102'),
('030709', 'San Antonio', '0307'),
('150513', 'San Antonio', '1505'),
('150716', 'San Antonio', '1507'),
('210113', 'San Antonio', '2101'),
('220912', 'San Antonio', '2209'),
('090310', 'San Antonio de Antaparco', '0903'),
('030212', 'San Antonio de Cachi', '0302'),
('040514', 'San Antonio de Chuca', '0405'),
('090610', 'San Antonio de Cusicancha', '0906'),
('150129', 'San Bartolo', '1501'),
('150717', 'San Bartolomé', '1507'),
('060505', 'San Benito', '0605'),
('061202', 'San Bernardino', '0612'),
('150130', 'San Borja', '1501'),
('100703', 'San Buenaventura', '1007'),
('150406', 'San Buenaventura', '1504'),
('010309', 'San Carlos', '0103'),
('110507', 'San Clemente', '1105'),
('010516', 'San Cristóbal', '0105'),
('050615', 'San Cristóbal', '0506'),
('180105', 'San Cristóbal', '1801'),
('220706', 'San Cristóbal', '2207'),
('021408', 'San Cristóbal de Rajan', '0214'),
('150718', 'San Damian', '1507'),
('060810', 'San Felipe', '0608'),
('220807', 'San Fernando', '2208'),
('100206', 'San Francisco', '1002'),
('101006', 'San Francisco de Asís', '1010'),
('190108', 'San Francisco de Asís de Yarusyacan', '1901'),
('100107', 'San Francisco de Cayran', '1001'),
('010118', 'San Francisco de Daguas', '0101'),
('050707', 'San Francisco de Ravacayco', '0507'),
('090611', 'San Francisco de Sangayaico', '0906'),
('010517', 'San Francisco de Yeso', '0105'),
('210309', 'San Gaban', '2103'),
('061110', 'San Gregorio', '0611'),
('220707', 'San Hilarión', '2207'),
('060901', 'San Ignacio', '0609'),
('090612', 'San Isidro', '0906'),
('150131', 'San Isidro', '1501'),
('010119', 'San Isidro de Maino', '0101'),
('240105', 'San Jacinto', '2401'),
('050808', 'San Javier de Alpabamba', '0508'),
('010518', 'San Jerónimo', '0105'),
('030213', 'San Jerónimo', '0302'),
('080104', 'San Jerónimo', '0801'),
('120130', 'San Jerónimo de Tunan', '1201'),
('151026', 'San Joaquín', '1510'),
('130705', 'San José', '1307'),
('140311', 'San José', '1403'),
('210212', 'San José', '2102'),
('110109', 'San José de Los Molinos', '1101'),
('060906', 'San José de Lourdes', '0609'),
('120214', 'San José de Quero', '1202'),
('220301', 'San José de Sisa', '2203'),
('050109', 'San José de Ticllas', '0501'),
('050809', 'San José de Ushua', '0508'),
('060811', 'San José del Alto', '0608'),
('021909', 'San Juan', '0219'),
('050616', 'San Juan', '0506'),
('060112', 'San Juan', '0601'),
('090410', 'San Juan', '0904'),
('050110', 'San Juan Bautista', '0501'),
('110110', 'San Juan Bautista', '1101'),
('160113', 'San Juan Bautista', '1601'),
('200407', 'San Juan de Bigote', '2004'),
('030411', 'San Juan de Chacña', '0304'),
('060609', 'San Juan de Cutervo', '0606'),
('150719', 'San Juan de Iris', '1507'),
('120906', 'San Juan de Iscos', '1209'),
('120907', 'San Juan de Jarpa', '1209'),
('240106', 'San Juan de la Virgen', '2401'),
('060416', 'San Juan de Licupis', '0604'),
('010519', 'San Juan de Lopecancha', '0105'),
('150132', 'San Juan de Lurigancho', '1501'),
('150133', 'San Juan de Miraflores', '1501'),
('020306', 'San Juan de Rontoy', '0203'),
('210213', 'San Juan de Salinas', '2102'),
('040118', 'San Juan de Siguas', '0401'),
('150720', 'San Juan de Tantaranche', '1507'),
('040119', 'San Juan de Tarucani', '0401'),
('110208', 'San Juan de Yanac', '1102'),
('211207', 'San Juan del Oro', '2112'),
('120428', 'San Lorenzo', '1204'),
('150721', 'San Lorenzo de Quinti', '1507'),
('020701', 'San Luis', '0207'),
('061203', 'San Luis', '0612'),
('150134', 'San Luis', '1501'),
('150514', 'San Luis', '1505'),
('060610', 'San Luis de Lucma', '0606'),
('120304', 'San Luis de Shuaro', '1203'),
('021014', 'San Marcos', '0210'),
('090716', 'San Marcos de Rocchac', '0907'),
('220303', 'San Martín', '2203'),
('150135', 'San Martín de Porres', '1501'),
('150722', 'San Mateo', '1507'),
('150723', 'San Mateo de Otao', '1507'),
('050501', 'San Miguel', '0505'),
('061101', 'San Miguel', '0611'),
('150136', 'San Miguel', '1501'),
('211105', 'San Miguel', '2111'),
('020608', 'San Miguel de Aco', '0206'),
('150609', 'San Miguel de Acos', '1506'),
('101007', 'San Miguel de Cauri', '1010'),
('030214', 'San Miguel de Chaccrampa', '0302'),
('020514', 'San Miguel de Corpanqui', '0205'),
('200306', 'San Miguel de El Faique', '2003'),
('090508', 'San Miguel de Mayocc', '0905'),
('010601', 'San Nicolás', '0106'),
('020702', 'San Nicolás', '0207'),
('061201', 'San Pablo', '0612'),
('080606', 'San Pablo', '0806'),
('160404', 'San Pablo', '1604'),
('220205', 'San Pablo', '2202'),
('100113', 'San Pablo de Pillao', '1001'),
('021409', 'San Pedro', '0214'),
('050617', 'San Pedro', '0506'),
('080607', 'San Pedro', '0806'),
('030108', 'San Pedro de Cachora', '0301'),
('120708', 'San Pedro de Cajas', '1207'),
('150724', 'San Pedro de Casta', '1507'),
('021015', 'San Pedro de Chana', '0210'),
('100108', 'San Pedro de Chaulan', '1001'),
('120429', 'San Pedro de Chunan', '1204'),
('090509', 'San Pedro de Coris', '0905'),
('110209', 'San Pedro de Huacarpana', '1102'),
('150725', 'San Pedro de Huancayre', '1507'),
('050908', 'San Pedro de Larcay', '0509'),
('130701', 'San Pedro de Lloc', '1307'),
('050618', 'San Pedro de Palco', '0506'),
('151027', 'San Pedro de Pilas', '1510'),
('190205', 'San Pedro de Pillao', '1902'),
('211210', 'San Pedro de Putina Punco', '2112'),
('100207', 'San Rafael', '1002'),
('220206', 'San Rafael', '2202'),
('120305', 'San Ramón', '1203'),
('220508', 'San Roque de Cumbaza', '2205'),
('080406', 'San Salvador', '0804'),
('050909', 'San Salvador de Quije', '0509'),
('080105', 'San Sebastian', '0801'),
('061111', 'San Silvestre de Cochan', '0611'),
('150501', 'San Vicente de Cañete', '1505'),
('140115', 'Saña', '1401'),
('130906', 'Sanagoran', '1309'),
('030412', 'Sañayca', '0304'),
('050301', 'Sancos', '0503'),
('050619', 'Sancos', '0506'),
('211201', 'Sandia', '2112'),
('150726', 'Sangallaya', '1507'),
('080207', 'Sangarara', '0802'),
('120132', 'Saño', '1201'),
('021808', 'Santa', '0218'),
('080901', 'Santa Ana', '0809'),
('090411', 'Santa Ana', '0904'),
('050620', 'Santa Ana de Huaycahuacho', '0506'),
('190206', 'Santa Ana de Tusi', '1902'),
('150137', 'Santa Anita', '1501'),
('120807', 'Santa Bárbara de Carhuacayan', '1208'),
('010520', 'Santa Catalina', '0105'),
('200408', 'Santa Catalina de Mossa', '2004'),
('021208', 'Santa Cruz', '0212'),
('060611', 'Santa Cruz', '0606'),
('061301', 'Santa Cruz', '0613'),
('110404', 'Santa Cruz', '1104'),
('160210', 'Santa Cruz', '1602'),
('150610', 'Santa Cruz de Andamarca', '1506'),
('131007', 'Santa Cruz de Chuca', '1310'),
('150727', 'Santa Cruz de Cocachacra', '1507'),
('150515', 'Santa Cruz de Flores', '1505'),
('060506', 'Santa Cruz de Toledo', '0605'),
('150728', 'Santa Eulalia', '1507'),
('040120', 'Santa Isabel de Siguas', '0401'),
('150809', 'Santa Leonor', '1508'),
('050621', 'Santa Lucia', '0506'),
('210709', 'Santa Lucia', '2107'),
('150810', 'Santa María', '1508'),
('030215', 'Santa María de Chicmo', '0302'),
('150138', 'Santa María del Mar', '1501'),
('100109', 'Santa María del Valle', '1001'),
('040121', 'Santa Rita de Siguas', '0401'),
('010610', 'Santa Rosa', '0106'),
('021510', 'Santa Rosa', '0215'),
('030710', 'Santa Rosa', '0307'),
('050507', 'Santa Rosa', '0505'),
('060812', 'Santa Rosa', '0608'),
('140114', 'Santa Rosa', '1401'),
('150139', 'Santa Rosa', '1501'),
('210504', 'Santa Rosa', '2105'),
('210808', 'Santa Rosa', '2108'),
('220304', 'Santa Rosa', '2203'),
('100705', 'Santa Rosa de Alto Yanajanca', '1007'),
('120215', 'Santa Rosa de Ocopa', '1202'),
('150407', 'Santa Rosa de Quives', '1504'),
('120808', 'Santa Rosa de Sacco', '1208'),
('080908', 'Santa Teresa', '0809'),
('080106', 'Santiago', '0801'),
('110111', 'Santiago', '1101'),
('150729', 'Santiago de Anchucaya', '1507'),
('130207', 'Santiago de Cao', '1302'),
('130811', 'Santiago de Challas', '1308'),
('021410', 'Santiago de Chilcas', '0214'),
('090613', 'Santiago de Chocorvos', '0906'),
('131001', 'Santiago de Chuco', '1310'),
('050304', 'Santiago de Lucanamarca', '0503'),
('050910', 'Santiago de Paucaray', '0509'),
('050111', 'Santiago de Pischa', '0501'),
('210214', 'Santiago de Pupuja', '2102'),
('090614', 'Santiago de Quirahuara', '0906'),
('150140', 'Santiago de Surco', '1501'),
('090723', 'Santiago de Tucuma', '0907'),
('150730', 'Santiago de Tuna', '1507'),
('050406', 'Santillana', '0504'),
('200409', 'Santo Domingo', '2004'),
('120135', 'Santo Domingo de Acobamba', '1201'),
('100610', 'Santo Domingo de Anda', '1006'),
('090615', 'Santo Domingo de Capillas', '0906'),
('060612', 'Santo Domingo de la Capilla', '0606'),
('150731', 'Santo Domingo de Los Olleros', '1507'),
('010521', 'Santo Tomas', '0105'),
('060613', 'Santo Tomas', '0606'),
('080701', 'Santo Tomas', '0807');
INSERT INTO `districts` (`id`, `name`, `province_id`) VALUES
('090311', 'Santo Tomas de Pata', '0903'),
('021209', 'Santo Toribio', '0212'),
('120133', 'Sapallanga', '1201'),
('200208', 'Sapillica', '2002'),
('220401', 'Saposoa', '2204'),
('160507', 'Saquena', '1605'),
('050810', 'Sara Sara', '0508'),
('160605', 'Sarayacu', '1606'),
('051011', 'Sarhua', '0510'),
('130907', 'Sarin', '1309'),
('130908', 'Sartimbamba', '1309'),
('120601', 'Satipo', '1206'),
('220913', 'Sauce', '2209'),
('061308', 'Saucepampa', '0613'),
('051107', 'Saurama', '0511'),
('120430', 'Sausa', '1204'),
('150811', 'Sayan', '1508'),
('131104', 'Sayapullo', '1311'),
('040808', 'Sayla', '0408'),
('080107', 'Saylla', '0801'),
('090312', 'Secclla', '0903'),
('200801', 'Sechura', '2008'),
('250202', 'Sepahua', '2502'),
('061309', 'Sexi', '0613'),
('220708', 'Shamboyacu', '2207'),
('220509', 'Shanao', '2205'),
('220914', 'Shapaja', '2209'),
('220305', 'Shatoja', '2203'),
('020609', 'Shilla', '0206'),
('010310', 'Shipasbamba', '0103'),
('100321', 'Shunqui', '1003'),
('221004', 'Shunte', '2210'),
('022007', 'Shupluy', '0220'),
('040515', 'Sibayo', '0405'),
('120134', 'Sicaya', '1201'),
('200209', 'Sicchez', '2002'),
('021910', 'Sicsibamba', '0219'),
('080601', 'Sicuani', '0806'),
('021901', 'Sihuas', '0219'),
('100322', 'Sillapata', '1003'),
('130110', 'Simbal', '1301'),
('190109', 'Simon Bolívar', '1901'),
('211005', 'Sina', '2110'),
('120431', 'Sincos', '1204'),
('100510', 'Singa', '1005'),
('130613', 'Sinsicap', '1306'),
('131008', 'Sitabamba', '1310'),
('060204', 'Sitacocha', '0602'),
('230405', 'Sitajara', '2304'),
('050407', 'Sivia', '0504'),
('040122', 'Socabaya', '0401'),
('050112', 'Socos', '0501'),
('060614', 'Socota', '0606'),
('010120', 'Soloco', '0101'),
('010121', 'Sonche', '0101'),
('200307', 'Sondor', '2003'),
('200308', 'Sondorillo', '2003'),
('160508', 'Soplin', '1605'),
('050911', 'Soras', '0509'),
('030413', 'Soraya', '0304'),
('220105', 'Soritor', '2201'),
('060309', 'Sorochuco', '0603'),
('110112', 'Subtanjalla', '1101'),
('020205', 'Succha', '0202'),
('060310', 'Sucre', '0603'),
('120809', 'Suitucancha', '1208'),
('200601', 'Sullana', '2006'),
('150611', 'Sumbilca', '1506'),
('110210', 'Sunampe', '1102'),
('150204', 'Supe', '1502'),
('150205', 'Supe Puerto', '1502'),
('150732', 'Surco', '1507'),
('090717', 'Surcubamba', '0907'),
('150141', 'Surquillo', '1501'),
('230406', 'Susapaya', '2304'),
('080807', 'Suyckutambo', '0808'),
('200210', 'Suyo', '2002'),
('060907', 'Tabaconas', '0609'),
('220510', 'Tabalosos', '2205'),
('060417', 'Tacabamba', '0604'),
('230101', 'Tacna', '2301'),
('170303', 'Tahuamanu', '1703'),
('250203', 'Tahuania', '2502'),
('030216', 'Talavera', '0302'),
('200506', 'Tamarindo', '2005'),
('050113', 'Tambillo', '0501'),
('050508', 'Tambo', '0505'),
('090616', 'Tambo', '0906'),
('110211', 'Tambo de Mora', '1102'),
('200114', 'Tambo Grande', '2001'),
('030501', 'Tambobamba', '0305'),
('170101', 'Tambopata', '1701'),
('030109', 'Tamburco', '0301'),
('151028', 'Tanta', '1510'),
('100511', 'Tantamayo', '1005'),
('090412', 'Tantara', '0904'),
('060507', 'Tantarica', '0605'),
('021709', 'Tapacocha', '0217'),
('030414', 'Tapairihua', '0304'),
('040516', 'Tapay', '0405'),
('160509', 'Tapiche', '1605'),
('120709', 'Tapo', '1207'),
('190207', 'Tapuc', '1902'),
('210607', 'Taraco', '2106'),
('220901', 'Tarapoto', '2209'),
('230401', 'Tarata', '2304'),
('080407', 'Taray', '0804'),
('020112', 'Tarica', '0201'),
('120701', 'Tarma', '1207'),
('230407', 'Tarucachi', '2304'),
('110113', 'Tate', '1101'),
('021511', 'Tauca', '0215'),
('040809', 'Tauria', '0408'),
('130812', 'Taurija', '1308'),
('151029', 'Tauripampa', '1510'),
('130801', 'Tayabamba', '1308'),
('160211', 'Teniente Cesar López Rojas', '1602'),
('160803', 'Teniente Manuel Clavero', '1608'),
('040123', 'Tiabaya', '0401'),
('110405', 'Tibillo', '1104'),
('230408', 'Ticaco', '2304'),
('021710', 'Ticapampa', '0217'),
('190110', 'Ticlacayan', '1901'),
('020515', 'Ticllos', '0205'),
('090413', 'Ticrapo', '0904'),
('160303', 'Tigre', '1603'),
('210904', 'Tilali', '2109'),
('020610', 'Tinco', '0206'),
('010522', 'Tingo', '0105'),
('220709', 'Tingo de Ponasa', '2207'),
('220406', 'Tingo de Saposoa', '2204'),
('211306', 'Tinicachi', '2113'),
('080608', 'Tinta', '0806'),
('030415', 'Tintay', '0304'),
('090718', 'Tintay Puncu', '0907'),
('190111', 'Tinyahuarco', '1901'),
('040411', 'Tipan', '0404'),
('210114', 'Tiquillaca', '2101'),
('210215', 'Tirapata', '2102'),
('040517', 'Tisco', '0405'),
('221001', 'Tocache', '2210'),
('060418', 'Tocmoche', '0604'),
('151030', 'Tomas', '1510'),
('100208', 'Tomay Kichwa', '1002'),
('040810', 'Tomepampa', '0408'),
('061112', 'Tongod', '0611'),
('180106', 'Torata', '1801'),
('030416', 'Toraya', '0304'),
('060615', 'Toribio Casanova', '0606'),
('040811', 'Toro', '0408'),
('160110', 'Torres Causana', '1601'),
('010611', 'Totora', '0106'),
('050206', 'Totos', '0502'),
('100904', 'Tournavista', '1009'),
('120908', 'Tres de Diciembre', '1209'),
('220710', 'Tres Unidos', '2207'),
('010523', 'Trita', '0105'),
('160304', 'Trompeteros', '1603'),
('130101', 'Trujillo', '1301'),
('140312', 'Tucume', '1403'),
('140120', 'Tuman', '1401'),
('030217', 'Tumay Huaraca', '0302'),
('061204', 'Tumbaden', '0612'),
('240101', 'Tumbes', '2401'),
('120432', 'Tunan Marca', '1204'),
('080508', 'Tupac Amaru', '0805'),
('110508', 'Tupac Amaru Inca', '1105'),
('151031', 'Tupe', '1510'),
('030711', 'Turpay', '0307'),
('030218', 'Turpo', '0302'),
('040518', 'Tuti', '0405'),
('180210', 'Ubinas', '1802'),
('221005', 'Uchiza', '2210'),
('130305', 'Uchumarca', '1303'),
('040124', 'Uchumayo', '0401'),
('050410', 'Uchuraccay', '0504'),
('021016', 'Uco', '0210'),
('130306', 'Ucuncha', '1303'),
('120504', 'Ulcumayo', '1205'),
('210809', 'Umachiri', '2108'),
('100804', 'Umari', '1008'),
('211307', 'Unicachi', '2113'),
('061113', 'Unión Agua Blanca', '0611'),
('040412', 'Uñon', '0404'),
('050708', 'Upahuacho', '0507'),
('040413', 'Uraca', '0404'),
('030607', 'Uranmarca', '0306'),
('160305', 'Urarinas', '1603'),
('081201', 'Urcos', '0812'),
('130813', 'Urpay', '1308'),
('081301', 'Urubamba', '0813'),
('210310', 'Usicayos', '2103'),
('130614', 'Usquil', '1306'),
('060311', 'Utco', '0603'),
('061310', 'Uticyacu', '0613'),
('010311', 'Valera', '0103'),
('160606', 'Vargas Guerra', '1606'),
('150812', 'Vegueta', '1508'),
('200115', 'Veintiseis de Octubre', '2001'),
('150612', 'Veintisiete de Noviembre', '1506'),
('080708', 'Velille', '0807'),
('070106', 'Ventanilla', '0701'),
('190112', 'Vicco', '1901'),
('200805', 'Vice', '2008'),
('200507', 'Vichayal', '2005'),
('130111', 'Victor Larco Herrera', '1301'),
('210710', 'Vilavila', '2107'),
('090116', 'Vilca', '0901'),
('030712', 'Vilcabamba', '0307'),
('080909', 'Vilcabamba', '0809'),
('190208', 'Vilcabamba', '1902'),
('051012', 'Vilcanchos', '0510'),
('051101', 'Vilcas Huaman', '0511'),
('150142', 'Villa El Salvador', '1501'),
('080913', 'Villa Kintiarina', '0809'),
('150143', 'Villa María del Triunfo', '1501'),
('190307', 'Villa Rica', '1903'),
('080912', 'Villa Virgen', '0809'),
('210115', 'Vilque', '2101'),
('210608', 'Vilque Chico', '2106'),
('151032', 'Viñac', '1510'),
('050114', 'Vinchos', '0501'),
('120136', 'Viques', '1201'),
('040414', 'Viraco', '0404'),
('131201', 'Viru', '1312'),
('030713', 'Virundo', '0307'),
('051108', 'Vischongo', '0511'),
('010612', 'Vista Alegre', '0106'),
('110305', 'Vista Alegre', '1103'),
('151033', 'Vitis', '1510'),
('120306', 'Vitoc', '1203'),
('040125', 'Vitor', '0401'),
('120609', 'Vizcatan del Ene', '1206'),
('080108', 'Wanchaq', '0801'),
('100112', 'Yacus', '1001'),
('160804', 'Yaguas', '1608'),
('200410', 'Yamango', '2004'),
('010312', 'Yambrasbamba', '0103'),
('010707', 'Yamon', '0107'),
('020906', 'Yanac', '0209'),
('030417', 'Yanaca', '0304'),
('120909', 'Yanacancha', '1209'),
('190113', 'Yanacancha', '1901'),
('190201', 'Yanahuanca', '1902'),
('040126', 'Yanahuara', '0401'),
('211208', 'Yanahuaya', '2112'),
('022008', 'Yanama', '0220'),
('080501', 'Yanaoca', '0805'),
('040608', 'Yanaquihua', '0406'),
('100323', 'Yanas', '1003'),
('080408', 'Yanatile', '0804'),
('040519', 'Yanque', '0405'),
('220106', 'Yantalo', '2201'),
('160511', 'Yaquerana', '1605'),
('040127', 'Yarabamba', '0401'),
('250105', 'Yarinacocha', '2501'),
('100110', 'Yarumayo', '1001'),
('040313', 'Yauca', '0403'),
('110114', 'Yauca del Rosario', '1101'),
('090117', 'Yauli', '0901'),
('120433', 'Yauli', '1204'),
('120810', 'Yauli', '1208'),
('081009', 'Yaurisque', '0810'),
('020804', 'Yautan', '0208'),
('020703', 'Yauya', '0207'),
('120434', 'Yauyos', '1204'),
('151001', 'Yauyos', '1510'),
('061311', 'Yauyucan', '0613'),
('160403', 'Yavari', '1604'),
('060508', 'Yonan', '0605'),
('220808', 'Yorongos', '2208'),
('081307', 'Yucay', '0813'),
('180211', 'Yunga', '1802'),
('020611', 'Yungar', '0206'),
('022001', 'Yungay', '0220'),
('211301', 'Yunguyo', '2113'),
('020907', 'Yupan', '0209'),
('040128', 'Yura', '0401'),
('021210', 'Yuracmarca', '0212'),
('220809', 'Yuracyacu', '2208'),
('160201', 'Yurimaguas', '1602'),
('250204', 'Yurua', '2502'),
('100905', 'Yuyapichis', '1009'),
('220511', 'Zapatero', '2205'),
('240301', 'Zarumilla', '2403'),
('210407', 'Zepita', '2104'),
('240201', 'Zorritos', '2402'),
('150516', 'Zúñiga', '1505'),
('080309', 'Zurite', '0803');

-- --------------------------------------------------------

--
-- Estructura de tabla para la tabla `eventos`
--

CREATE TABLE `eventos` (
  `id` int(11) NOT NULL,
  `name` varchar(11) NOT NULL,
  `speaker` varchar(11) NOT NULL,
  `event_date` date NOT NULL,
  `event_time` varchar(11) NOT NULL
) ENGINE=InnoDB DEFAULT CHARSET=latin1;

-- --------------------------------------------------------

--
-- Estructura de tabla para la tabla `migrations`
--

CREATE TABLE `migrations` (
  `id` int(11) NOT NULL,
  `timestamp` bigint(20) NOT NULL,
  `name` varchar(255) NOT NULL
) ENGINE=InnoDB DEFAULT CHARSET=latin1;

--
-- Volcado de datos para la tabla `migrations`
--

INSERT INTO `migrations` (`id`, `timestamp`, `name`) VALUES
(1, 1633558992982, 'Users1633558992982'),
(2, 1637301014705, 'InitialSchema1637301014705');

-- --------------------------------------------------------

--
-- Estructura de tabla para la tabla `participantes`
--

CREATE TABLE `participantes` (
  `id` int(11) NOT NULL,
  `first_name` varchar(120) NOT NULL,
  `last_name` varchar(120) NOT NULL,
  `dni` varchar(120) NOT NULL
) ENGINE=InnoDB DEFAULT CHARSET=latin1;

--
-- Volcado de datos para la tabla `participantes`
--

INSERT INTO `participantes` (`id`, `first_name`, `last_name`, `dni`) VALUES
(1, 'LuisMiguel', 'Rojas', '12345678'),
(2, 'Max', 'Ramirez', '12345677'),
(3, 'Keysi', 'Ato', '12345614'),
(4, 'Prueba', 'Post', '12345612');

-- --------------------------------------------------------

--
-- Estructura de tabla para la tabla `provinces`
--

CREATE TABLE `provinces` (
  `id` varchar(4) NOT NULL,
  `name` varchar(45) NOT NULL,
  `department_id` varchar(2) NOT NULL
) ENGINE=InnoDB DEFAULT CHARSET=latin1;

--
-- Volcado de datos para la tabla `provinces`
--

INSERT INTO `provinces` (`id`, `name`, `department_id`) VALUES
('0301', 'Abancay', '03'),
('0902', 'Acobamba', '09'),
('0802', 'Acomayo', '08'),
('0202', 'Aija', '02'),
('1602', 'Alto Amazonas ', '16'),
('1002', 'Ambo', '10'),
('0302', 'Andahuaylas', '03'),
('0903', 'Angaraes', '09'),
('0803', 'Anta', '08'),
('0303', 'Antabamba', '03'),
('0203', 'Antonio Raymondi', '02'),
('0401', 'Arequipa', '04'),
('1302', 'Ascope ', '13'),
('0204', 'Asunción', '02'),
('2502', 'Atalaya ', '25'),
('2002', 'Ayabaca ', '20'),
('0304', 'Aymaraes', '03'),
('2102', 'Azángaro ', '21'),
('0102', 'Bagua', '01'),
('1502', 'Barranca ', '15'),
('2202', 'Bellavista ', '22'),
('1303', 'Bolívar ', '13'),
('0205', 'Bolognesi', '02'),
('0103', 'Bongará', '01'),
('0602', 'Cajabamba', '06'),
('0601', 'Cajamarca', '06'),
('1503', 'Cajatambo ', '15'),
('0804', 'Calca', '08'),
('0402', 'Camaná', '04'),
('0805', 'Canas', '08'),
('0806', 'Canchis', '08'),
('2302', 'Candarave ', '23'),
('1505', 'Cañete ', '15'),
('0502', 'Cangallo', '05'),
('1504', 'Canta ', '15'),
('2103', 'Carabaya ', '21'),
('0403', 'Caravelí', '04'),
('0206', 'Carhuaz', '02'),
('0207', 'Carlos Fermín Fitzcarrald', '02'),
('0208', 'Casma', '02'),
('0404', 'Castilla', '04'),
('0904', 'Castrovirreyna', '09'),
('0405', 'Caylloma', '04'),
('0603', 'Celendín', '06'),
('0101', 'Chachapoyas', '01'),
('1203', 'Chanchamayo ', '12'),
('1304', 'Chepén ', '13'),
('1401', 'Chiclayo ', '14'),
('1102', 'Chincha ', '11'),
('0306', 'Chincheros', '03'),
('0604', 'Chota', '06'),
('2104', 'Chucuito ', '21'),
('0807', 'Chumbivilcas', '08'),
('1209', 'Chupaca ', '12'),
('0905', 'Churcampa', '09'),
('1202', 'Concepción ', '12'),
('0406', 'Condesuyos', '04'),
('0104', 'Condorcanqui', '01'),
('2402', 'Contralmirante Villar ', '24'),
('0605', 'Contumazá', '06'),
('2501', 'Coronel Portillo ', '25'),
('0209', 'Corongo', '02'),
('0305', 'Cotabambas', '03'),
('0801', 'Cusco', '08'),
('0606', 'Cutervo', '06'),
('1902', 'Daniel Alcides Carrión ', '19'),
('1607', 'Datem del Marañón ', '16'),
('1003', 'Dos de Mayo', '10'),
('2105', 'El Collao ', '21'),
('2203', 'El Dorado ', '22'),
('0808', 'Espinar', '08'),
('1402', 'Ferreñafe ', '14'),
('1802', 'General Sánchez Cerro ', '18'),
('1311', 'Gran Chimú ', '13'),
('0307', 'Grau', '03'),
('1004', 'Huacaybamba', '10'),
('0607', 'Hualgayoc', '06'),
('2204', 'Huallaga ', '22'),
('1005', 'Huamalíes', '10'),
('0501', 'Huamanga', '05'),
('0503', 'Huanca Sancos', '05'),
('2003', 'Huancabamba ', '20'),
('2106', 'Huancané ', '21'),
('0901', 'Huancavelica', '09'),
('1201', 'Huancayo ', '12'),
('0504', 'Huanta', '05'),
('1001', 'Huánuco', '10'),
('1506', 'Huaral ', '15'),
('0201', 'Huaraz', '02'),
('0210', 'Huari', '02'),
('0211', 'Huarmey', '02'),
('1507', 'Huarochirí ', '15'),
('1508', 'Huaura ', '15'),
('0212', 'Huaylas', '02'),
('0906', 'Huaytará', '09'),
('1101', 'Ica ', '11'),
('1803', 'Ilo ', '18'),
('0407', 'Islay', '04'),
('0608', 'Jaén', '06'),
('1204', 'Jauja ', '12'),
('2303', 'Jorge Basadre ', '23'),
('1305', 'Julcán ', '13'),
('1205', 'Junín ', '12'),
('0809', 'La Convención', '08'),
('0505', 'La Mar', '05'),
('0408', 'La Uniòn', '04'),
('2205', 'Lamas ', '22'),
('1403', 'Lambayeque ', '14'),
('2107', 'Lampa ', '21'),
('1010', 'Lauricocha ', '10'),
('1006', 'Leoncio Prado', '10'),
('1501', 'Lima ', '15'),
('1603', 'Loreto ', '16'),
('0506', 'Lucanas', '05'),
('0105', 'Luya', '01'),
('1702', 'Manu ', '17'),
('1007', 'Marañón', '10'),
('2206', 'Mariscal Cáceres ', '22'),
('0213', 'Mariscal Luzuriaga', '02'),
('1801', 'Mariscal Nieto ', '18'),
('1604', 'Mariscal Ramón Castilla ', '16'),
('1601', 'Maynas ', '16'),
('2108', 'Melgar ', '21'),
('2109', 'Moho ', '21'),
('2004', 'Morropón ', '20'),
('2201', 'Moyobamba ', '22'),
('1103', 'Nasca ', '11'),
('0214', 'Ocros', '02'),
('1306', 'Otuzco ', '13'),
('1903', 'Oxapampa ', '19'),
('1509', 'Oyón ', '15'),
('1307', 'Pacasmayo ', '13'),
('1008', 'Pachitea', '10'),
('2503', 'Padre Abad ', '25'),
('2005', 'Paita ', '20'),
('0215', 'Pallasca', '02'),
('1104', 'Palpa ', '11'),
('0507', 'Parinacochas', '05'),
('0810', 'Paruro', '08'),
('1901', 'Pasco ', '19'),
('1308', 'Pataz ', '13'),
('0508', 'Pàucar del Sara Sara', '05'),
('0811', 'Paucartambo', '08'),
('2207', 'Picota ', '22'),
('1105', 'Pisco ', '11'),
('2001', 'Piura ', '20'),
('0216', 'Pomabamba', '02'),
('0701', 'Prov. Const. del Callao', '07'),
('1009', 'Puerto Inca', '10'),
('2101', 'Puno ', '21'),
('2504', 'Purús', '25'),
('1608', 'Putumayo', '16'),
('0812', 'Quispicanchi', '08'),
('0217', 'Recuay', '02'),
('1605', 'Requena ', '16'),
('2208', 'Rioja ', '22'),
('0106', 'Rodríguez de Mendoza', '01'),
('2110', 'San Antonio de Putina ', '21'),
('0609', 'San Ignacio', '06'),
('0610', 'San Marcos', '06'),
('2209', 'San Martín ', '22'),
('0611', 'San Miguel', '06'),
('0612', 'San Pablo', '06'),
('2111', 'San Román ', '21'),
('1309', 'Sánchez Carrión ', '13'),
('2112', 'Sandia ', '21'),
('0218', 'Santa', '02'),
('0613', 'Santa Cruz', '06'),
('1310', 'Santiago de Chuco ', '13'),
('1206', 'Satipo ', '12'),
('2008', 'Sechura ', '20'),
('0219', 'Sihuas', '02'),
('0509', 'Sucre', '05'),
('2006', 'Sullana ', '20'),
('2301', 'Tacna ', '23'),
('1703', 'Tahuamanu ', '17'),
('2007', 'Talara ', '20'),
('1701', 'Tambopata ', '17'),
('2304', 'Tarata ', '23'),
('1207', 'Tarma ', '12'),
('0907', 'Tayacaja', '09'),
('2210', 'Tocache ', '22'),
('1301', 'Trujillo ', '13'),
('2401', 'Tumbes ', '24'),
('1606', 'Ucayali ', '16'),
('0813', 'Urubamba', '08'),
('0107', 'Utcubamba', '01'),
('0510', 'Víctor Fajardo', '05'),
('0511', 'Vilcas Huamán', '05'),
('1312', 'Virú ', '13'),
('1011', 'Yarowilca ', '10'),
('1208', 'Yauli ', '12'),
('1510', 'Yauyos ', '15'),
('0220', 'Yungay', '02'),
('2113', 'Yunguyo ', '21'),
('2403', 'Zarumilla ', '24');

-- --------------------------------------------------------

--
-- Estructura de tabla para la tabla `transactions`
--

CREATE TABLE `transactions` (
  `id` bigint(20) UNSIGNED NOT NULL,
  `type` char(1) NOT NULL,
  `status` tinyint(2) UNSIGNED NOT NULL,
  `account_id_from` bigint(20) UNSIGNED NOT NULL,
  `account_id_to` bigint(20) UNSIGNED DEFAULT NULL,
  `amount` decimal(10,2) DEFAULT NULL,
  `currency` varchar(3) DEFAULT NULL,
  `created_at` datetime DEFAULT NULL,
  `created_by` bigint(20) DEFAULT NULL,
  `updated_at` datetime DEFAULT NULL,
  `updated_by` bigint(20) DEFAULT NULL
) ENGINE=InnoDB DEFAULT CHARSET=latin1;

-- --------------------------------------------------------

--
-- Estructura de tabla para la tabla `users`
--

CREATE TABLE `users` (
  `id` bigint(20) NOT NULL,
  `email` varchar(255) NOT NULL,
  `district_id` varchar(6) NOT NULL
) ENGINE=InnoDB DEFAULT CHARSET=latin1;

--
-- Volcado de datos para la tabla `users`
--

INSERT INTO `users` (`id`, `email`, `district_id`) VALUES
(1, 'pcsiebau@upc.edu.pe', '150108');

--
-- Índices para tablas volcadas
--

--
-- Indices de la tabla `accounts`
--
ALTER TABLE `accounts`
  ADD PRIMARY KEY (`id`),
  ADD UNIQUE KEY `UQ_accounts_number` (`number`);

--
-- Indices de la tabla `asistencia`
--
ALTER TABLE `asistencia`
  ADD PRIMARY KEY (`id`);

--
-- Indices de la tabla `customers`
--
ALTER TABLE `customers`
  ADD PRIMARY KEY (`id`),
  ADD UNIQUE KEY `UQ_customers_ruc` (`ruc`),
  ADD UNIQUE KEY `UQ_customers_company_name` (`company_name`),
  ADD UNIQUE KEY `UQ_customers_dni` (`dni`);

--
-- Indices de la tabla `departments`
--
ALTER TABLE `departments`
  ADD PRIMARY KEY (`id`),
  ADD UNIQUE KEY `UQ_departments_name` (`name`);

--
-- Indices de la tabla `districts`
--
ALTER TABLE `districts`
  ADD PRIMARY KEY (`id`),
  ADD UNIQUE KEY `UQ_districts_name_province_id` (`name`,`province_id`),
  ADD KEY `IX_districts_province_id` (`province_id`);

--
-- Indices de la tabla `migrations`
--
ALTER TABLE `migrations`
  ADD PRIMARY KEY (`id`);

--
-- Indices de la tabla `participantes`
--
ALTER TABLE `participantes`
  ADD PRIMARY KEY (`id`);

--
-- Indices de la tabla `provinces`
--
ALTER TABLE `provinces`
  ADD PRIMARY KEY (`id`),
  ADD UNIQUE KEY `UQ_provinces_name_department_id` (`name`,`department_id`),
  ADD KEY `IX_provinces_department_id` (`department_id`);

--
-- Indices de la tabla `transactions`
--
ALTER TABLE `transactions`
  ADD PRIMARY KEY (`id`);

--
-- Indices de la tabla `users`
--
ALTER TABLE `users`
  ADD PRIMARY KEY (`id`),
  ADD UNIQUE KEY `UQ_users_email` (`email`),
  ADD KEY `IX_users_district_id` (`district_id`);

--
-- AUTO_INCREMENT de las tablas volcadas
--

--
-- AUTO_INCREMENT de la tabla `accounts`
--
ALTER TABLE `accounts`
  MODIFY `id` bigint(20) UNSIGNED NOT NULL AUTO_INCREMENT;
--
-- AUTO_INCREMENT de la tabla `customers`
--
ALTER TABLE `customers`
  MODIFY `id` bigint(20) UNSIGNED NOT NULL AUTO_INCREMENT;
--
-- AUTO_INCREMENT de la tabla `migrations`
--
ALTER TABLE `migrations`
  MODIFY `id` int(11) NOT NULL AUTO_INCREMENT, AUTO_INCREMENT=3;
--
-- AUTO_INCREMENT de la tabla `participantes`
--
ALTER TABLE `participantes`
  MODIFY `id` int(11) NOT NULL AUTO_INCREMENT, AUTO_INCREMENT=5;
--
-- AUTO_INCREMENT de la tabla `transactions`
--
ALTER TABLE `transactions`
  MODIFY `id` bigint(20) UNSIGNED NOT NULL AUTO_INCREMENT;
--
-- AUTO_INCREMENT de la tabla `users`
--
ALTER TABLE `users`
  MODIFY `id` bigint(20) NOT NULL AUTO_INCREMENT, AUTO_INCREMENT=2;
--
-- Restricciones para tablas volcadas
--

--
-- Filtros para la tabla `districts`
--
ALTER TABLE `districts`
  ADD CONSTRAINT `FK_districts_province_id` FOREIGN KEY (`province_id`) REFERENCES `provinces` (`id`);

--
-- Filtros para la tabla `provinces`
--
ALTER TABLE `provinces`
  ADD CONSTRAINT `FK_provinces_department_id` FOREIGN KEY (`department_id`) REFERENCES `departments` (`id`);

--
-- Filtros para la tabla `users`
--
ALTER TABLE `users`
  ADD CONSTRAINT `FK_users_district_id` FOREIGN KEY (`district_id`) REFERENCES `districts` (`id`);

/*!40101 SET CHARACTER_SET_CLIENT=@OLD_CHARACTER_SET_CLIENT */;
/*!40101 SET CHARACTER_SET_RESULTS=@OLD_CHARACTER_SET_RESULTS */;
/*!40101 SET COLLATION_CONNECTION=@OLD_COLLATION_CONNECTION */;
